timestamp,x,y,z
1761998981.7400858,-3.4782608695652173,0.8347826086956521,-0.6956521739130435
1761998981.7542965,-3.4782608695652173,0.9739130434782609,-0.5565217391304348
1761998981.7679312,-3.3391304347826085,0.8347826086956521,-0.5565217391304348
1761998981.7811804,-3.408695652173913,1.1130434782608696,-0.48695652173913045
1761998981.7944834,-3.2695652173913046,0.7652173913043478,-0.8347826086956521
1761998981.8106287,-3.2695652173913046,0.7652173913043478,-0.6260869565217392
1761998981.8256528,-3.130434782608696,0.6956521739130435,-0.9043478260869565
1761998981.839178,-3.3391304347826085,0.5565217391304348,-0.6260869565217392
1761998981.852819,-3.6869565217391305,0.9043478260869565,-0.5565217391304348
1761998981.867193,-3.4782608695652173,0.48695652173913045,-0.8347826086956521
1761998981.880639,-3.2,0.8347826086956521,-0.34782608695652173
1761998981.893919,-3.6869565217391305,1.0434782608695652,-0.48695652173913045
1761998981.9071562,-3.5478260869565217,0.8347826086956521,-0.34782608695652173
1761998981.9204068,-3.408695652173913,1.0434782608695652,0.20869565217391303
1761998981.9341784,-3.408695652173913,1.1130434782608696,-0.06956521739130435
1761998981.9474232,-3.3391304347826085,0.8347826086956521,-0.1391304347826087
1761998981.9608119,-3.3391304347826085,0.9043478260869565,-0.7652173913043478
1761998981.974176,-3.0608695652173914,0.48695652173913045,-1.1130434782608696
1761998981.9875424,-3.130434782608696,0.5565217391304348,-1.2521739130434784
1761998982.0009315,-3.2695652173913046,0.6956521739130435,-1.3217391304347825
1761998982.0141883,-3.5478260869565217,1.0434782608695652,-0.9739130434782609
1761998982.0274045,-3.4782608695652173,0.6260869565217392,-0.5565217391304348
1761998982.040682,-3.2695652173913046,0.7652173913043478,0.0
1761998982.0538766,-3.5478260869565217,1.0434782608695652,0.06956521739130435
1761998982.0674133,-3.3391304347826085,0.9043478260869565,0.0
1761998982.0810719,-3.617391304347826,0.9739130434782609,-0.1391304347826087
1761998982.0946243,-3.2,0.9739130434782609,-0.2782608695652174
1761998982.1081572,-3.2695652173913046,0.8347826086956521,-0.48695652173913045
1761998982.121704,-2.9217391304347826,1.1130434782608696,-0.6956521739130435
1761998982.1361966,-2.7130434782608694,0.6956521739130435,-1.1130434782608696
1761998982.1496255,-3.408695652173913,1.0434782608695652,-0.7652173913043478
1761998982.1627874,-3.2,0.6956521739130435,-1.3217391304347825
1761998982.17618,-3.408695652173913,0.20869565217391303,-0.7652173913043478
1761998982.1893213,-3.3391304347826085,0.8347826086956521,-1.3217391304347825
1761998982.202882,-3.6869565217391305,0.34782608695652173,-1.7391304347826086
1761998982.216028,-3.3391304347826085,0.48695652173913045,-1.4608695652173913
1761998982.2291653,-3.617391304347826,0.7652173913043478,-1.1130434782608696
1761998982.2431417,-3.2695652173913046,0.41739130434782606,-0.7652173913043478
1761998982.2567356,-3.617391304347826,0.8347826086956521,-0.6260869565217392
1761998982.2699466,-3.617391304347826,1.0434782608695652,-0.20869565217391303
1761998982.283411,-3.408695652173913,1.0434782608695652,0.0
1761998982.29664,-3.5478260869565217,1.3217391304347825,0.06956521739130435
1761998982.3102827,-3.2,1.182608695652174,-0.1391304347826087
1761998982.3240395,-3.2,1.182608695652174,-0.34782608695652173
1761998982.3379214,-3.408695652173913,1.182608695652174,-0.6260869565217392
1761998982.3511245,-3.2695652173913046,0.9739130434782609,-0.34782608695652173
1761998982.3643036,-3.3391304347826085,0.6260869565217392,-0.48695652173913045
1761998982.3780308,-3.617391304347826,1.1130434782608696,-0.6260869565217392
1761998982.3917556,-3.0608695652173914,0.48695652173913045,-0.41739130434782606
1761998982.406017,-4.3130434782608695,1.1130434782608696,0.48695652173913045
1761998982.4197588,-3.6869565217391305,0.9043478260869565,-0.2782608695652174
1761998982.43297,-4.034782608695652,0.41739130434782606,0.2782608695652174
1761998982.4472907,-3.5478260869565217,1.8782608695652174,-0.2782608695652174
1761998982.4608812,-2.782608695652174,0.6260869565217392,-0.48695652173913045
1761998982.4744577,-3.2695652173913046,0.8347826086956521,-0.2782608695652174
1761998982.4879563,-3.0608695652173914,1.0434782608695652,-0.34782608695652173
1761998982.5022702,-3.2,0.9043478260869565,-0.34782608695652173
1761998982.515498,-3.408695652173913,1.182608695652174,-0.2782608695652174
1761998982.529022,-3.617391304347826,0.9739130434782609,-0.1391304347826087
1761998982.542583,-3.4782608695652173,0.9739130434782609,-0.34782608695652173
1761998982.5562174,-3.617391304347826,0.6956521739130435,-0.1391304347826087
1761998982.5699577,-3.2695652173913046,0.8347826086956521,-0.06956521739130435
1761998982.5835576,-3.3391304347826085,0.6956521739130435,-0.34782608695652173
1761998982.5975718,-3.3391304347826085,0.9043478260869565,-0.48695652173913045
1761998982.6108577,-3.2,0.8347826086956521,-0.20869565217391303
1761998982.6241481,-3.5478260869565217,0.7652173913043478,-0.6260869565217392
1761998982.6374338,-3.4782608695652173,0.6956521739130435,-0.7652173913043478
1761998982.650701,-3.3391304347826085,0.9043478260869565,-0.41739130434782606
1761998982.663987,-3.3391304347826085,0.7652173913043478,-0.8347826086956521
1761998982.6777291,-3.5478260869565217,1.0434782608695652,-0.9043478260869565
1761998982.6911502,-3.3391304347826085,0.9043478260869565,-0.5565217391304348
1761998982.7046554,-3.2695652173913046,0.5565217391304348,-0.2782608695652174
1761998982.718046,-3.5478260869565217,0.7652173913043478,-0.34782608695652173
1761998982.7314045,-3.2695652173913046,0.7652173913043478,-0.2782608695652174
1761998982.7460532,-3.6869565217391305,0.9739130434782609,-0.48695652173913045
1761998982.7597651,-3.5478260869565217,0.9043478260869565,-0.8347826086956521
1761998982.7730758,-3.2,0.9739130434782609,-0.48695652173913045
1761998982.7863443,-3.4782608695652173,0.9739130434782609,-0.6260869565217392
1761998982.7995749,-3.3391304347826085,1.0434782608695652,-0.6260869565217392
1761998982.8129094,-3.408695652173913,0.9043478260869565,-0.2782608695652174
1761998982.8270042,-3.3391304347826085,0.7652173913043478,-0.34782608695652173
1761998982.8402424,-3.408695652173913,0.7652173913043478,-0.48695652173913045
1761998982.8535113,-3.3391304347826085,0.5565217391304348,-0.5565217391304348
1761998982.8667889,-3.408695652173913,0.9043478260869565,-0.5565217391304348
1761998982.880027,-3.4782608695652173,0.6260869565217392,-0.6956521739130435
1761998982.8932788,-3.2,0.8347826086956521,-0.6260869565217392
1761998982.9064918,-3.408695652173913,0.9043478260869565,-0.5565217391304348
1761998982.9197035,-3.408695652173913,0.8347826086956521,-0.6260869565217392
1761998982.9329295,-3.4782608695652173,1.0434782608695652,-0.6956521739130435
1761998982.946179,-3.408695652173913,0.9739130434782609,-0.5565217391304348
1761998982.9609654,-3.3391304347826085,0.8347826086956521,-0.5565217391304348
1761998982.974219,-3.4782608695652173,0.7652173913043478,-0.48695652173913045
1761998982.9874642,-3.408695652173913,0.8347826086956521,-0.48695652173913045
1761998983.000713,-3.408695652173913,0.9043478260869565,-0.48695652173913045
1761998983.0139587,-3.4782608695652173,0.9043478260869565,-0.48695652173913045
1761998983.0275311,-3.3391304347826085,0.9043478260869565,-0.48695652173913045
1761998983.0408115,-3.5478260869565217,0.9739130434782609,-0.34782608695652173
1761998983.0544913,-3.408695652173913,1.0434782608695652,-0.41739130434782606
1761998983.0684395,-3.4782608695652173,0.9043478260869565,-0.41739130434782606
1761998983.0820825,-3.4782608695652173,0.9043478260869565,-0.34782608695652173
1761998983.0953045,-3.4782608695652173,0.7652173913043478,-0.5565217391304348
1761998983.108551,-3.3391304347826085,0.9043478260869565,-0.5565217391304348
1761998983.1218734,-3.4782608695652173,0.7652173913043478,-0.6260869565217392
1761998983.1356416,-3.408695652173913,0.8347826086956521,-0.6260869565217392
1761998983.1502705,-3.3391304347826085,0.9043478260869565,-0.48695652173913045
1761998983.1635227,-3.3391304347826085,0.7652173913043478,-0.48695652173913045
1761998983.176783,-3.3391304347826085,0.7652173913043478,-0.5565217391304348
1761998983.190051,-3.4782608695652173,0.9739130434782609,-0.6260869565217392
1761998983.2032328,-3.4782608695652173,1.0434782608695652,-0.5565217391304348
1761998983.216448,-3.4782608695652173,0.9739130434782609,-0.5565217391304348
1761998983.2296758,-3.408695652173913,0.9043478260869565,-0.5565217391304348
1761998983.2432783,-3.408695652173913,0.8347826086956521,-0.41739130434782606
1761998983.2564838,-3.4782608695652173,0.9043478260869565,-0.41739130434782606
1761998983.2696798,-3.3391304347826085,0.8347826086956521,-0.5565217391304348
1761998983.2828746,-3.408695652173913,0.7652173913043478,-0.48695652173913045
1761998983.2960591,-3.408695652173913,0.7652173913043478,-0.34782608695652173
1761998983.3092446,-3.408695652173913,0.7652173913043478,-0.41739130434782606
1761998983.3224561,-3.408695652173913,0.9739130434782609,-0.41739130434782606
1761998983.3360844,-3.4782608695652173,0.9739130434782609,-0.41739130434782606
1761998983.3493109,-3.408695652173913,1.0434782608695652,-0.41739130434782606
1761998983.3638732,-3.4782608695652173,0.9043478260869565,-0.34782608695652173
1761998983.3775368,-3.408695652173913,0.9043478260869565,-0.2782608695652174
1761998983.3919795,-3.408695652173913,0.9043478260869565,-0.2782608695652174
1761998983.4055586,-3.408695652173913,0.9739130434782609,-0.2782608695652174
1761998983.4194727,-3.4782608695652173,0.9043478260869565,-0.34782608695652173
1761998983.4331403,-3.3391304347826085,0.7652173913043478,-0.5565217391304348
1761998983.4484313,-3.408695652173913,0.9043478260869565,-0.5565217391304348
1761998983.461669,-3.3391304347826085,0.7652173913043478,-0.5565217391304348
1761998983.475404,-3.3391304347826085,0.9739130434782609,-0.6260869565217392
1761998983.4892023,-3.408695652173913,0.9739130434782609,-0.6956521739130435
1761998983.503214,-3.408695652173913,0.8347826086956521,-0.6956521739130435
1761998983.516482,-3.408695652173913,0.7652173913043478,-0.7652173913043478
1761998983.5299048,-3.3391304347826085,0.8347826086956521,-0.6260869565217392
1761998983.5436296,-3.4782608695652173,0.7652173913043478,-0.6260869565217392
1761998983.556967,-4.243478260869566,0.6956521739130435,-0.9043478260869565
1761998983.5702035,-2.9217391304347826,0.9739130434782609,0.8347826086956521
1761998983.5834546,-3.130434782608696,0.6956521739130435,-0.48695652173913045
1761998983.5967515,-3.965217391304348,0.6956521739130435,-1.6
1761998983.6105347,-2.991304347826087,0.7652173913043478,0.34782608695652173
1761998983.624206,-3.2,0.9739130434782609,0.06956521739130435
1761998983.6378846,-3.408695652173913,0.8347826086956521,-0.9043478260869565
1761998983.6515534,-3.0608695652173914,0.8347826086956521,-0.6260869565217392
1761998983.6657407,-3.5478260869565217,1.182608695652174,0.06956521739130435
1761998983.679418,-3.2695652173913046,0.7652173913043478,-0.2782608695652174
1761998983.6931396,-3.2,0.9739130434782609,-0.6260869565217392
1761998983.706803,-3.6869565217391305,0.9043478260869565,-0.7652173913043478
1761998983.7204978,-3.130434782608696,0.6260869565217392,-0.41739130434782606
1761998983.7346716,-3.617391304347826,0.6260869565217392,-0.7652173913043478
1761998983.748392,-3.408695652173913,0.9043478260869565,-1.0434782608695652
1761998983.7621908,-3.2,0.5565217391304348,0.06956521739130435
1761998983.7763743,-3.6869565217391305,1.2521739130434784,-0.6260869565217392
1761998983.7896893,-3.408695652173913,0.7652173913043478,-0.7652173913043478
1761998983.80296,-3.2695652173913046,0.8347826086956521,-0.20869565217391303
1761998983.8162198,-3.4782608695652173,0.7652173913043478,-0.7652173913043478
1761998983.8296278,-3.4782608695652173,0.9043478260869565,-0.6260869565217392
1761998983.843188,-3.2695652173913046,0.9739130434782609,-0.20869565217391303
1761998983.8576624,-3.4782608695652173,1.0434782608695652,-0.48695652173913045
1761998983.8720021,-3.408695652173913,0.9043478260869565,-0.6260869565217392
1761998983.885706,-3.3391304347826085,0.7652173913043478,-0.2782608695652174
1761998983.899464,-3.4782608695652173,0.9043478260869565,-0.6956521739130435
1761998983.9132466,-3.3391304347826085,0.8347826086956521,-0.48695652173913045
1761998983.9269261,-3.408695652173913,0.9739130434782609,-0.41739130434782606
1761998983.940659,-3.3391304347826085,0.8347826086956521,-0.6260869565217392
1761998983.9543426,-3.408695652173913,0.8347826086956521,-0.6260869565217392
1761998983.9680133,-3.3391304347826085,0.9739130434782609,-0.41739130434782606
1761998983.984919,-3.5478260869565217,0.8347826086956521,-0.5565217391304348
1761998983.998679,-3.408695652173913,0.8347826086956521,-0.41739130434782606
1761998984.0124242,-3.4782608695652173,0.8347826086956521,-0.41739130434782606
1761998984.0261395,-3.408695652173913,0.9043478260869565,-0.5565217391304348
1761998984.039867,-3.4782608695652173,0.8347826086956521,-0.41739130434782606
1761998984.053616,-3.408695652173913,0.9043478260869565,-0.41739130434782606
1761998984.0673249,-3.3391304347826085,0.8347826086956521,-0.48695652173913045
1761998984.082873,-3.408695652173913,0.9043478260869565,-0.41739130434782606
1761998984.0966678,-3.408695652173913,0.9043478260869565,-0.5565217391304348
1761998984.1104612,-3.4782608695652173,0.9043478260869565,-0.48695652173913045
1761998984.124792,-3.408695652173913,0.8347826086956521,-0.5565217391304348
1761998984.138806,-3.408695652173913,0.9739130434782609,-0.48695652173913045
1761998984.1524734,-3.408695652173913,0.9043478260869565,-0.5565217391304348
1761998984.1668618,-3.4782608695652173,0.8347826086956521,-0.48695652173913045
1761998984.1804905,-3.408695652173913,0.7652173913043478,-0.48695652173913045
1761998984.194123,-3.3391304347826085,0.9739130434782609,-0.41739130434782606
1761998984.2077076,-3.408695652173913,0.9043478260869565,-0.5565217391304348
1761998984.2212915,-3.408695652173913,0.9043478260869565,-0.5565217391304348
1761998984.2348583,-3.4782608695652173,0.9043478260869565,-0.6260869565217392
1761998984.2484434,-3.408695652173913,0.9739130434782609,-0.6260869565217392
1761998984.2620807,-3.3391304347826085,0.8347826086956521,-0.5565217391304348
1761998984.275695,-3.408695652173913,0.7652173913043478,-0.5565217391304348
1761998984.289647,-3.2695652173913046,0.7652173913043478,-0.41739130434782606
1761998984.30295,-3.408695652173913,0.8347826086956521,-0.2782608695652174
1761998984.3167958,-3.408695652173913,0.9043478260869565,-0.41739130434782606
1761998984.3304758,-3.408695652173913,0.9043478260869565,-0.6260869565217392
1761998984.3441408,-3.4782608695652173,0.9043478260869565,-0.5565217391304348
1761998984.357801,-3.5478260869565217,0.9739130434782609,-0.5565217391304348
1761998984.3717659,-3.4782608695652173,0.9739130434782609,-0.5565217391304348
1761998984.3855116,-3.408695652173913,0.8347826086956521,-0.41739130434782606
1761998984.399299,-3.408695652173913,0.8347826086956521,-0.5565217391304348
1761998984.413416,-3.408695652173913,0.8347826086956521,-0.48695652173913045
1761998984.4272232,-3.3391304347826085,0.8347826086956521,-0.48695652173913045
1761998984.4408295,-3.408695652173913,0.7652173913043478,-0.48695652173913045
1761998984.454605,-3.4782608695652173,0.8347826086956521,-0.5565217391304348
1761998984.4682422,-3.408695652173913,0.9043478260869565,-0.48695652173913045
1761998984.481832,-3.4782608695652173,1.0434782608695652,-0.48695652173913045
1761998984.4957328,-3.3391304347826085,0.8347826086956521,-0.5565217391304348
1761998984.509406,-3.408695652173913,0.9043478260869565,-0.5565217391304348
1761998984.5229726,-3.5478260869565217,0.9739130434782609,-0.41739130434782606
1761998984.5367594,-3.408695652173913,0.8347826086956521,-0.41739130434782606
1761998984.5503302,-3.408695652173913,0.8347826086956521,-0.41739130434782606
1761998984.5639257,-3.408695652173913,0.8347826086956521,-0.48695652173913045
1761998984.5775318,-3.3391304347826085,0.8347826086956521,-0.5565217391304348
1761998984.5918262,-3.408695652173913,0.9043478260869565,-0.5565217391304348
1761998984.6057274,-3.4782608695652173,0.9043478260869565,-0.5565217391304348
1761998984.6196125,-3.408695652173913,0.9043478260869565,-0.5565217391304348
1761998984.6333084,-3.3391304347826085,0.9043478260869565,-0.6260869565217392
1761998984.6469235,-3.4782608695652173,0.8347826086956521,-0.5565217391304348
1761998984.6606364,-3.408695652173913,0.9043478260869565,-0.6260869565217392
1761998984.6747057,-3.3391304347826085,0.8347826086956521,-0.5565217391304348
1761998984.6883066,-3.408695652173913,0.9043478260869565,-0.41739130434782606
1761998984.702042,-3.408695652173913,0.7652173913043478,-0.41739130434782606
1761998984.7156441,-3.3391304347826085,0.9043478260869565,-0.48695652173913045
1761998984.7293584,-3.408695652173913,0.9043478260869565,-0.6260869565217392
1761998984.7430758,-3.4782608695652173,1.0434782608695652,-0.6260869565217392
1761998984.7567027,-3.4782608695652173,0.8347826086956521,-0.6260869565217392
1761998984.770299,-3.408695652173913,0.8347826086956521,-0.5565217391304348
1761998984.784257,-3.408695652173913,0.9043478260869565,-0.5565217391304348
1761998984.7986555,-3.408695652173913,0.9043478260869565,-0.48695652173913045
1761998984.8130658,-3.3391304347826085,0.9043478260869565,-0.41739130434782606
1761998984.8264208,-3.408695652173913,0.9043478260869565,-0.41739130434782606
1761998984.8405242,-3.3391304347826085,0.8347826086956521,-0.48695652173913045
1761998984.8546598,-3.4782608695652173,0.8347826086956521,-0.48695652173913045
1761998984.8686585,-3.408695652173913,0.7652173913043478,-0.48695652173913045
1761998984.882627,-3.3391304347826085,0.9043478260869565,-0.5565217391304348
1761998984.896705,-3.408695652173913,0.9043478260869565,-0.6260869565217392
1761998984.9109318,-3.408695652173913,0.9043478260869565,-0.5565217391304348
1761998984.9249897,-3.408695652173913,0.8347826086956521,-0.48695652173913045
1761998984.9389584,-3.408695652173913,0.8347826086956521,-0.48695652173913045
1761998984.9529676,-3.408695652173913,0.9043478260869565,-0.5565217391304348
1761998984.967484,-3.2695652173913046,0.9043478260869565,-0.6260869565217392
1761998984.980761,-3.408695652173913,0.9739130434782609,-0.6956521739130435
1761998984.9939792,-3.3391304347826085,0.8347826086956521,-0.6260869565217392
1761998985.0071893,-3.3391304347826085,0.9739130434782609,-0.6260869565217392
1761998985.0204196,-3.408695652173913,0.6956521739130435,-0.48695652173913045
1761998985.0336316,-3.3391304347826085,0.9043478260869565,-0.48695652173913045
1761998985.046839,-3.3391304347826085,0.8347826086956521,-0.41739130434782606
1761998985.0600674,-3.3391304347826085,0.7652173913043478,-0.48695652173913045
1761998985.07444,-3.4782608695652173,0.7652173913043478,-0.5565217391304348
1761998985.087702,-3.408695652173913,0.8347826086956521,-0.5565217391304348
1761998985.1009881,-3.4782608695652173,0.9043478260869565,-0.5565217391304348
1761998985.1141973,-3.3391304347826085,0.7652173913043478,-0.48695652173913045
1761998985.1274314,-3.408695652173913,0.9739130434782609,-0.5565217391304348
1761998985.1410825,-3.408695652173913,0.9043478260869565,-0.5565217391304348
1761998985.154612,-3.408695652173913,0.9043478260869565,-0.41739130434782606
1761998985.168428,-3.408695652173913,0.8347826086956521,-0.48695652173913045
1761998985.1816568,-3.4782608695652173,0.7652173913043478,-0.48695652173913045
1761998985.1948822,-3.3391304347826085,0.8347826086956521,-0.41739130434782606
1761998985.2080839,-3.3391304347826085,0.9043478260869565,-0.48695652173913045
1761998985.2216833,-3.4782608695652173,0.9043478260869565,-0.5565217391304348
1761998985.234892,-3.4782608695652173,0.8347826086956521,-0.48695652173913045
1761998985.2485948,-3.3391304347826085,0.8347826086956521,-0.34782608695652173
1761998985.2621443,-3.408695652173913,0.9043478260869565,-0.48695652173913045
1761998985.2760088,-2.991304347826087,0.8347826086956521,-0.48695652173913045
1761998985.289831,-3.3391304347826085,0.8347826086956521,-0.6260869565217392
1761998985.304182,-3.4782608695652173,0.8347826086956521,-0.48695652173913045
1761998985.317878,-3.3391304347826085,0.8347826086956521,-0.48695652173913045
1761998985.331939,-3.4782608695652173,0.9043478260869565,-0.5565217391304348
1761998985.3459318,-3.408695652173913,0.8347826086956521,-0.5565217391304348
1761998985.359197,-3.4782608695652173,0.9043478260869565,-0.5565217391304348
1761998985.3727171,-3.408695652173913,0.9043478260869565,-0.6260869565217392
1761998985.3864102,-3.408695652173913,0.8347826086956521,-0.6260869565217392
1761998985.3999636,-3.5478260869565217,0.8347826086956521,-0.48695652173913045
1761998985.413581,-4.034782608695652,0.8347826086956521,-0.7652173913043478
1761998985.427146,-3.2,0.9043478260869565,-1.182608695652174
1761998985.4404037,-2.991304347826087,0.6260869565217392,-0.1391304347826087
1761998985.4536366,-4.243478260869566,0.9043478260869565,-0.34782608695652173
1761998985.4668438,-3.130434782608696,0.7652173913043478,-0.7652173913043478
1761998985.4800801,-2.782608695652174,1.0434782608695652,-0.20869565217391303
1761998985.493356,-3.617391304347826,0.6956521739130435,-0.6956521739130435
1761998985.507536,-3.756521739130435,0.8347826086956521,-0.6956521739130435
1761998985.5211697,-3.2695652173913046,1.0434782608695652,-0.6260869565217392
1761998985.5348513,-2.9217391304347826,0.8347826086956521,-0.48695652173913045
1761998985.5489535,-3.617391304347826,0.9739130434782609,-0.6260869565217392
1761998985.5628967,-3.3391304347826085,0.48695652173913045,-0.41739130434782606
1761998985.5769765,-3.8956521739130436,0.9043478260869565,-0.34782608695652173
1761998985.5902276,-3.8956521739130436,0.9043478260869565,-0.2782608695652174
1761998985.6044173,-3.3391304347826085,0.9043478260869565,-0.5565217391304348
1761998985.6182883,-3.0608695652173914,0.7652173913043478,-0.8347826086956521
1761998985.631515,-3.617391304347826,0.5565217391304348,-0.34782608695652173
1761998985.64485,-3.8956521739130436,0.8347826086956521,-0.6956521739130435
1761998985.6580489,-2.782608695652174,0.6956521739130435,-0.5565217391304348
1761998985.6712656,-2.8521739130434782,1.0434782608695652,-0.5565217391304348
1761998985.6844773,-3.6869565217391305,1.1130434782608696,-0.41739130434782606
1761998985.6977124,-3.2,0.9043478260869565,-0.6260869565217392
1761998985.7109346,-3.5478260869565217,0.8347826086956521,-0.34782608695652173
1761998985.7241602,-3.3391304347826085,0.8347826086956521,-0.5565217391304348
1761998985.737416,-3.130434782608696,0.6260869565217392,-0.6956521739130435
1761998985.7506533,-3.2695652173913046,0.9739130434782609,-0.6260869565217392
1761998985.7638748,-3.3391304347826085,0.7652173913043478,-0.6956521739130435
1761998985.7772577,-3.2695652173913046,0.8347826086956521,-0.7652173913043478
1761998985.7904708,-2.991304347826087,1.0434782608695652,-0.7652173913043478
1761998985.8037012,-5.147826086956521,0.8347826086956521,-0.06956521739130435
1761998985.8177068,-4.591304347826087,1.0434782608695652,-0.34782608695652173
1761998985.832406,-4.034782608695652,0.6956521739130435,-0.41739130434782606
1761998985.8466632,-2.991304347826087,0.9043478260869565,-0.41739130434782606
1761998985.8606865,-2.7130434782608694,0.48695652173913045,-0.5565217391304348
1761998985.8755918,-3.130434782608696,0.8347826086956521,-0.9043478260869565
1761998985.8895872,-3.408695652173913,0.8347826086956521,-0.6956521739130435
1761998985.903718,-3.2,1.182608695652174,-0.34782608695652173
1761998985.9184601,-3.4782608695652173,0.8347826086956521,-0.6956521739130435
1761998985.931706,-3.756521739130435,0.6956521739130435,-0.6260869565217392
1761998985.9449275,-3.4782608695652173,0.7652173913043478,-0.6260869565217392
1761998985.9581542,-3.8956521739130436,1.1130434782608696,-0.48695652173913045
1761998985.971405,-1.3217391304347825,1.391304347826087,1.7391304347826086
1761998985.984679,-3.3391304347826085,2.5043478260869567,0.20869565217391303
1761998985.9978917,-3.408695652173913,0.9043478260869565,-1.2521739130434784
1761998986.0111074,-3.4782608695652173,-0.9739130434782609,0.20869565217391303
1761998986.0243242,-3.5478260869565217,0.6956521739130435,-2.782608695652174
1761998986.0375261,-2.5739130434782607,0.6260869565217392,-1.3217391304347825
1761998986.0507958,-3.3391304347826085,0.9739130434782609,-0.20869565217391303
1761998986.0640352,-4.034782608695652,0.9043478260869565,-1.6
1761998986.0886476,-3.5478260869565217,0.8347826086956521,0.06956521739130435
1761998986.1018343,-2.991304347826087,1.0434782608695652,-0.7652173913043478
1761998986.115062,-3.2,0.9739130434782609,-0.5565217391304348
1761998986.1289606,-3.5478260869565217,0.9043478260869565,-0.2782608695652174
1761998986.142147,-3.617391304347826,1.0434782608695652,-0.48695652173913045
1761998986.1556249,-3.408695652173913,0.6260869565217392,0.0
1761998986.1688392,-3.2695652173913046,1.182608695652174,-0.34782608695652173
1761998986.1821406,-3.408695652173913,1.2521739130434784,-0.6260869565217392
1761998986.1954057,-3.2,-0.1391304347826087,-1.5304347826086957
1761998986.208684,-3.617391304347826,1.182608695652174,-0.48695652173913045
1761998986.2218578,-3.2,0.7652173913043478,-0.48695652173913045
1761998986.235046,-3.6869565217391305,1.1130434782608696,-1.391304347826087
1761998986.2482376,-3.408695652173913,0.9739130434782609,0.9739130434782609
1761998986.2613935,-2.365217391304348,-1.6695652173913043,-0.20869565217391303
1761998986.274553,-2.782608695652174,0.2782608695652174,-2.0869565217391304
1761998986.2877438,-3.6869565217391305,0.8347826086956521,-0.9739130434782609
1761998986.3009157,-3.2,1.0434782608695652,0.34782608695652173
1761998986.3142116,-3.3391304347826085,0.8347826086956521,-0.7652173913043478
1761998986.3274167,-3.3391304347826085,0.9739130434782609,-0.6956521739130435
1761998986.3406763,-3.6869565217391305,1.3217391304347825,-0.8347826086956521
1761998986.353853,-3.2695652173913046,1.3217391304347825,0.0
1761998986.367931,-3.408695652173913,1.391304347826087,0.5565217391304348
1761998986.3816411,-2.8521739130434782,0.9043478260869565,0.2782608695652174
1761998986.3957427,-2.7130434782608694,0.6956521739130435,0.9043478260869565
1761998986.4089236,-2.8521739130434782,0.0,-0.48695652173913045
1761998986.422821,-2.5043478260869567,-0.20869565217391303,0.5565217391304348
1761998986.4360445,-1.1130434782608696,-0.9739130434782609,3.617391304347826
1761998986.4492636,3.5478260869565217,-8.486956521739131,14.539130434782608
1761998986.462463,4.939130434782609,-3.130434782608696,22.191304347826087
1761998986.4757128,6.817391304347826,-3.617391304347826,37.63478260869565
1761998986.4889352,2.4347826086956523,0.0,45.84347826086957
1761998986.5021455,6.4,-6.191304347826087,58.99130434782609
1761998986.515372,-0.20869565217391303,-4.660869565217391,70.26086956521739
1761998986.5297396,-1.9478260869565218,-4.939130434782609,76.8
1761998986.5429146,-7.095652173913043,1.808695652173913,78.88695652173914
1761998986.5561676,-7.165217391304348,8.208695652173914,78.12173913043478
1761998986.5693815,-6.817391304347826,11.2,78.5391304347826
1761998986.5826867,-15.791304347826086,12.31304347826087,83.40869565217392
1761998986.5959966,-12.8,8.0,88.41739130434783
1761998986.609194,-9.878260869565217,6.817391304347826,90.57391304347826
1761998986.6224477,-2.9217391304347826,0.06956521739130435,98.43478260869566
1761998986.6357033,-0.06956521739130435,-1.9478260869565218,106.99130434782609
1761998986.6489305,-2.1565217391304348,1.2521739130434784,108.10434782608695
1761998986.6621387,-4.104347826086957,2.2956521739130435,104.83478260869565
1761998986.6753442,-5.982608695652174,4.173913043478261,100.6608695652174
1761998986.6885855,-6.052173913043478,1.6,97.87826086956522
1761998986.7017813,-2.5739130434782607,0.2782608695652174,96.90434782608696
1761998986.7150161,-2.7130434782608694,0.5565217391304348,101.14782608695653
1761998986.7289715,-4.521739130434782,2.1565217391304348,102.19130434782609
1761998986.7425888,-4.939130434782609,4.3826086956521735,99.96521739130435
1761998986.755929,-8.0,1.9478260869565218,94.81739130434782
1761998986.7692761,-6.608695652173913,3.3391304347826085,92.03478260869565
1761998986.784107,-1.9478260869565218,-0.6956521739130435,87.44347826086957
1761998986.797397,-3.2,0.48695652173913045,82.99130434782609
1761998986.810659,-5.7043478260869565,3.3391304347826085,80.48695652173913
1761998986.8244932,-5.426086956521739,2.991304347826087,74.29565217391304
1761998986.8378592,-4.452173913043478,1.6,68.31304347826087
1761998986.8512256,-2.643478260869565,0.06956521739130435,62.469565217391306
1761998986.8646889,-2.9217391304347826,1.3217391304347825,61.56521739130435
1761998986.8805509,-3.5478260869565217,1.3217391304347825,58.85217391304348
1761998986.8943555,-3.756521739130435,1.5304347826086957,52.7304347826087
1761998986.908232,-4.3826086956521735,2.1565217391304348,48.417391304347824
1761998986.9215255,-2.643478260869565,0.48695652173913045,47.095652173913045
1761998986.9347663,-4.521739130434782,3.2695652173913046,46.469565217391306
1761998986.9480102,-3.5478260869565217,0.9739130434782609,45.84347826086957
1761998986.9612825,-4.104347826086957,1.808695652173913,44.52173913043478
1761998986.974536,-3.6869565217391305,0.20869565217391303,38.19130434782609
1761998986.9878023,-2.5043478260869567,-0.9739130434782609,35.40869565217391
1761998987.001065,-4.243478260869566,0.9739130434782609,29.286956521739132
1761998987.014723,-3.965217391304348,0.2782608695652174,20.730434782608697
1761998987.0284014,-3.2,1.6695652173913043,11.756521739130434
1761998987.0420797,-2.4347826086956523,0.41739130434782606,7.234782608695652
1761998987.0557625,-2.5739130434782607,1.1130434782608696,1.6695652173913043
1761998987.069422,-4.104347826086957,0.06956521739130435,-1.0434782608695652
1761998987.083209,-3.3391304347826085,-0.06956521739130435,-2.2956521739130435
1761998987.0969934,-3.408695652173913,-0.48695652173913045,-5.008695652173913
1761998987.1106603,-4.104347826086957,-1.391304347826087,-7.6521739130434785
1761998987.1243074,-3.965217391304348,0.06956521739130435,-9.043478260869565
1761998987.1380284,-4.452173913043478,0.0,-14.817391304347826
1761998987.1512215,-3.6869565217391305,2.7130434782608694,-23.791304347826088
1761998987.1644301,-2.8521739130434782,0.1391304347826087,-26.643478260869564
1761998987.177596,-5.356521739130435,4.243478260869566,-30.817391304347826
1761998987.1909907,-2.1565217391304348,5.773913043478261,-37.56521739130435
1761998987.2046082,-3.130434782608696,2.9217391304347826,-41.6
1761998987.2180114,-4.104347826086957,-0.9043478260869565,-53.21739130434783
1761998987.2311802,-2.643478260869565,-0.5565217391304348,-61.77391304347826
1761998987.2448318,-6.3304347826086955,-0.9043478260869565,-64.34782608695652
1761998987.2581844,-2.226086956521739,0.20869565217391303,-69.56521739130434
1761998987.2713737,1.6695652173913043,-1.391304347826087,-75.68695652173913
1761998987.284597,-0.8347826086956521,-2.2956521739130435,-79.37391304347825
1761998987.2978477,-2.643478260869565,-0.2782608695652174,-85.28695652173913
1761998987.3110175,-3.0608695652173914,2.991304347826087,-90.50434782608696
1761998987.3243973,-3.130434782608696,-0.6260869565217392,-92.31304347826087
1761998987.337579,-2.991304347826087,-1.808695652173913,-97.04347826086956
1761998987.3509266,-4.3826086956521735,0.0,-101.00869565217391
1761998987.3641043,-3.2695652173913046,0.7652173913043478,-103.72173913043478
1761998987.377432,-4.243478260869566,-1.1130434782608696,-111.16521739130435
1761998987.3909917,1.1130434782608696,-1.9478260869565218,-119.30434782608695
1761998987.404708,-1.8782608695652174,-1.2521739130434784,-122.15652173913044
1761998987.4180198,-0.7652173913043478,-0.6260869565217392,-125.63478260869566
1761998987.4312665,-4.173913043478261,-0.5565217391304348,-125.35652173913043
1761998987.444485,-4.521739130434782,0.48695652173913045,-125.14782608695653
1761998987.4577208,-3.8956521739130436,1.391304347826087,-125.35652173913043
1761998987.4709435,-5.008695652173913,0.20869565217391303,-127.51304347826087
1761998987.4841568,-7.6521739130434785,2.017391304347826,-128.55652173913043
1761998987.4973443,-5.426086956521739,1.808695652173913,-126.05217391304348
1761998987.5105512,-6.260869565217392,3.965217391304348,-122.64347826086957
1761998987.5237558,-6.608695652173913,3.965217391304348,-117.14782608695653
1761998987.5370595,-4.243478260869566,1.7391304347826086,-112.13913043478261
1761998987.550262,-1.4608695652173913,-3.4782608695652173,-110.95652173913044
1761998987.563466,-2.365217391304348,-2.782608695652174,-108.7304347826087
1761998987.576706,-3.0608695652173914,-2.4347826086956523,-105.4608695652174
1761998987.5899801,-4.034782608695652,0.9043478260869565,-102.33043478260869
1761998987.6031802,-6.191304347826087,3.130434782608696,-96.90434782608696
1761998987.6163683,-1.391304347826087,1.391304347826087,-94.26086956521739
1761998987.629569,-4.452173913043478,1.6695652173913043,-93.14782608695653
1761998987.6427603,-2.0869565217391304,0.48695652173913045,-94.5391304347826
1761998987.6562278,-1.6,-1.8782608695652174,-97.25217391304348
1761998987.6701324,-3.2695652173913046,0.5565217391304348,-96.55652173913043
1761998987.6837053,-2.365217391304348,-2.1565217391304348,-93.84347826086956
1761998987.697256,-4.521739130434782,-1.4608695652173913,-85.63478260869566
1761998987.7107942,-2.8521739130434782,0.5565217391304348,-79.86086956521739
1761998987.7244897,-3.965217391304348,-1.4608695652173913,-67.68695652173913
1761998987.7380426,-4.591304347826087,0.6956521739130435,-54.3304347826087
1761998987.7518442,-6.191304347826087,5.28695652173913,-47.095652173913045
1761998987.7650535,-6.052173913043478,3.617391304347826,-34.43478260869565
1761998987.7782369,-6.3304347826086955,3.5478260869565217,-23.234782608695653
1761998987.791431,-4.173913043478261,1.182608695652174,-17.391304347826086
1761998987.8046417,-4.034782608695652,0.9043478260869565,-12.034782608695652
1761998987.817879,-3.617391304347826,1.5304347826086957,-8.486956521739131
1761998987.831085,-3.3391304347826085,0.41739130434782606,-7.234782608695652
1761998987.8442943,-3.2,0.34782608695652173,-3.8260869565217392
1761998987.8575222,-3.617391304347826,0.6956521739130435,0.06956521739130435
1761998987.8707225,-3.8956521739130436,1.808695652173913,1.4608695652173913
1761998987.8839352,-5.217391304347826,2.5043478260869567,2.226086956521739
1761998987.8972,-5.147826086956521,2.782608695652174,2.5739130434782607
1761998987.9104772,-5.078260869565217,3.130434782608696,3.2695652173913046
1761998987.9240658,-2.9217391304347826,1.808695652173913,3.0608695652173914
1761998987.9385347,-3.6869565217391305,0.41739130434782606,0.34782608695652173
1761998987.9518247,-3.0608695652173914,0.5565217391304348,-0.1391304347826087
1761998987.9655895,-3.617391304347826,1.3217391304347825,1.182608695652174
1761998987.9797666,-3.6869565217391305,1.391304347826087,1.6
1761998987.9938426,-3.8260869565217392,1.1130434782608696,1.5304347826086957
1761998988.0071208,-3.6869565217391305,0.41739130434782606,1.6
1761998988.0204055,-3.8956521739130436,1.8782608695652174,0.9739130434782609
1761998988.033756,-3.617391304347826,0.9043478260869565,-0.41739130434782606
1761998988.047019,-3.4782608695652173,0.9043478260869565,-0.6260869565217392
1761998988.0602865,-3.408695652173913,0.9043478260869565,-0.41739130434782606
1761998988.0735471,-3.5478260869565217,1.1130434782608696,-0.34782608695652173
1761998988.086802,-3.408695652173913,1.0434782608695652,0.0
1761998988.100044,-3.5478260869565217,0.8347826086956521,0.06956521739130435
1761998988.1133065,-3.4782608695652173,0.8347826086956521,0.41739130434782606
1761998988.1269794,-3.8260869565217392,0.9739130434782609,0.0
1761998988.1408527,-3.4782608695652173,0.9043478260869565,-0.20869565217391303
1761998988.1547928,-3.4782608695652173,0.9739130434782609,-0.48695652173913045
1761998988.1686754,-3.2,0.7652173913043478,-0.41739130434782606
1761998988.1818721,-3.408695652173913,1.3217391304347825,0.41739130434782606
1761998988.1950731,-3.5478260869565217,1.3217391304347825,0.34782608695652173
1761998988.2083683,-3.3391304347826085,0.9739130434782609,0.9739130434782609
1761998988.2220795,-3.8260869565217392,1.1130434782608696,1.6
1761998988.2356265,-3.3391304347826085,0.1391304347826087,3.0608695652173914
1761998988.24926,-2.7130434782608694,-0.1391304347826087,4.521739130434782
1761998988.2628562,-3.130434782608696,1.0434782608695652,6.678260869565217
1761998988.276882,-1.9478260869565218,0.5565217391304348,10.57391304347826
1761998988.2910378,0.48695652173913045,-1.0434782608695652,11.756521739130434
1761998988.3047538,0.1391304347826087,-1.6695652173913043,16.208695652173912
1761998988.3183842,-1.2521739130434784,-0.5565217391304348,21.078260869565216
1761998988.332318,-2.7130434782608694,-0.1391304347826087,23.791304347826088
1761998988.3460698,-4.8,1.6695652173913043,24.069565217391304
1761998988.359738,-3.4782608695652173,1.6695652173913043,24.417391304347827
1761998988.373307,-1.3217391304347825,1.2521739130434784,26.921739130434784
1761998988.387497,-1.6695652173913043,0.6956521739130435,29.495652173913044
1761998988.4012163,0.1391304347826087,0.06956521739130435,35.82608695652174
1761998988.4156,-2.0869565217391304,-0.20869565217391303,43.96521739130435
1761998988.4293215,-3.8260869565217392,1.8782608695652174,50.85217391304348
1761998988.4439754,-4.3130434782608695,1.391304347826087,53.982608695652175
1761998988.4581528,-4.243478260869566,1.391304347826087,55.23478260869565
1761998988.4718957,-4.8,2.226086956521739,58.92173913043478
1761998988.4855452,-3.8956521739130436,1.7391304347826086,62.95652173913044
1761998988.4997675,-3.617391304347826,1.3217391304347825,65.5304347826087
1761998988.5129743,-2.365217391304348,0.0,71.9304347826087
1761998988.5262022,-4.939130434782609,0.9043478260869565,79.58260869565217
1761998988.5393863,-3.3391304347826085,1.9478260869565218,83.1304347826087
1761998988.5527287,-3.756521739130435,2.1565217391304348,89.3913043478261
1761998988.5662923,-4.104347826086957,1.808695652173913,93.35652173913043
1761998988.5804448,-3.756521739130435,0.6260869565217392,94.74782608695652
1761998988.5941432,-5.28695652173913,1.808695652173913,95.86086956521739
1761998988.6082337,-4.591304347826087,1.0434782608695652,94.95652173913044
1761998988.6217918,-3.6869565217391305,1.3217391304347825,94.6086956521739
1761998988.6355247,-3.617391304347826,2.2956521739130435,93.70434782608696
1761998988.6491253,-2.782608695652174,1.0434782608695652,92.45217391304348
1761998988.6629891,-3.408695652173913,1.0434782608695652,91.75652173913043
1761998988.6769743,-2.1565217391304348,0.9043478260869565,90.64347826086957
1761998988.690856,-0.6956521739130435,-0.6260869565217392,89.5304347826087
1761998988.704406,-1.1130434782608696,1.391304347826087,89.18260869565218
1761998988.7180731,-4.591304347826087,0.7652173913043478,89.6
1761998988.7316208,-3.756521739130435,0.7652173913043478,89.18260869565218
1761998988.7455056,-2.9217391304347826,2.2956521739130435,88.20869565217392
1761998988.7590964,-4.591304347826087,1.1130434782608696,86.67826086956522
1761998988.772852,-2.8521739130434782,-0.34782608695652173,85.63478260869566
1761998988.7866418,-4.034782608695652,2.5739130434782607,84.24347826086957
1761998988.800754,-2.2956521739130435,4.104347826086957,80.34782608695652
1761998988.8143194,-6.539130434782609,1.9478260869565218,77.56521739130434
1761998988.8281038,-4.730434782608696,2.8521739130434782,74.99130434782609
1761998988.8416827,-5.426086956521739,2.5043478260869567,70.6086956521739
1761998988.85586,-5.7043478260869565,1.391304347826087,63.095652173913045
1761998988.8697927,-6.191304347826087,2.4347826086956523,61.00869565217391
1761998988.8837216,-5.008695652173913,2.017391304347826,52.869565217391305
1761998988.8978665,-3.3391304347826085,1.3217391304347825,43.82608695652174
1761998988.9115272,-4.104347826086957,1.391304347826087,36.243478260869566
1761998988.924837,-4.243478260869566,1.391304347826087,31.652173913043477
1761998988.938337,-3.6869565217391305,1.3217391304347825,20.660869565217393
1761998988.9516041,-4.173913043478261,1.7391304347826086,11.060869565217391
1761998988.9650695,-3.965217391304348,1.5304347826086957,6.052173913043478
1761998988.9783084,-3.6869565217391305,0.2782608695652174,-0.9739130434782609
1761998988.9915388,-3.2,0.34782608695652173,-1.6695652173913043
1761998989.0050447,-3.2695652173913046,0.6956521739130435,-1.0434782608695652
1761998989.018592,-3.5478260869565217,0.5565217391304348,-1.6
1761998989.0318403,-3.756521739130435,0.7652173913043478,-2.365217391304348
1761998989.045312,-3.6869565217391305,0.6956521739130435,-2.0869565217391304
1761998989.0586703,-3.5478260869565217,0.7652173913043478,-1.5304347826086957
1761998989.071962,-3.5478260869565217,0.7652173913043478,-1.182608695652174
1761998989.0852208,-3.5478260869565217,0.6956521739130435,-0.7652173913043478
1761998989.0984678,-3.2,0.8347826086956521,-1.391304347826087
1761998989.1117036,-3.2,0.6260869565217392,-1.2521739130434784
1761998989.125092,-3.4782608695652173,0.7652173913043478,-0.8347826086956521
1761998989.1383336,-3.3391304347826085,0.9043478260869565,-0.41739130434782606
1761998989.1515918,-3.4782608695652173,1.0434782608695652,-0.41739130434782606
1761998989.1648765,-3.2695652173913046,0.6956521739130435,-0.6260869565217392
1761998989.1780949,-3.3391304347826085,0.9739130434782609,-0.2782608695652174
1761998989.1913314,-3.2695652173913046,0.9043478260869565,-0.1391304347826087
1761998989.2047079,-3.3391304347826085,1.0434782608695652,-0.06956521739130435
1761998989.2181535,-3.408695652173913,0.8347826086956521,-0.34782608695652173
1761998989.231638,-3.3391304347826085,0.9043478260869565,-0.41739130434782606
1761998989.2449474,-3.408695652173913,0.9043478260869565,-0.41739130434782606
1761998989.2585003,-3.4782608695652173,0.8347826086956521,-0.34782608695652173
1761998989.2718077,-3.2695652173913046,0.9043478260869565,-0.41739130434782606
1761998989.2851512,-3.408695652173913,0.6260869565217392,-0.5565217391304348
1761998989.2984538,-3.2695652173913046,0.9739130434782609,-0.6260869565217392
1761998989.3118215,-3.2695652173913046,0.9043478260869565,-0.41739130434782606
1761998989.3250587,-3.2695652173913046,0.6956521739130435,-0.34782608695652173
1761998989.3383732,-3.5478260869565217,0.9739130434782609,-1.0434782608695652
1761998989.3516364,-3.5478260869565217,0.9739130434782609,-0.9739130434782609
1761998989.3649473,-3.617391304347826,0.6260869565217392,-1.391304347826087
1761998989.3781817,-3.756521739130435,0.5565217391304348,-1.8782608695652174
1761998989.391441,-3.5478260869565217,0.6956521739130435,-1.808695652173913
1761998989.4049227,-3.4782608695652173,0.9043478260869565,-1.2521739130434784
1761998989.418315,-3.5478260869565217,0.7652173913043478,-1.391304347826087
1761998989.4315653,-3.4782608695652173,0.8347826086956521,-1.2521739130434784
1761998989.445052,-2.643478260869565,0.34782608695652173,-1.5304347826086957
1761998989.4583037,-3.8260869565217392,1.182608695652174,-1.6695652173913043
1761998989.4715178,-2.991304347826087,0.0,-1.9478260869565218
1761998989.4850585,-3.130434782608696,-0.48695652173913045,-3.756521739130435
1761998989.498343,-1.1130434782608696,-0.5565217391304348,-8.695652173913043
1761998989.5120277,2.643478260869565,-5.008695652173913,-10.991304347826087
1761998989.5255544,-1.391304347826087,-1.0434782608695652,-17.391304347826086
1761998989.5388322,-3.3391304347826085,0.34782608695652173,-23.443478260869565
1761998989.5526083,-3.8956521739130436,0.6260869565217392,-25.11304347826087
1761998989.5663006,-4.173913043478261,1.6695652173913043,-25.6
1761998989.5799944,-2.991304347826087,0.6956521739130435,-25.530434782608694
1761998989.5936852,-6.539130434782609,-0.34782608695652173,-23.930434782608696
1761998989.607373,-3.2695652173913046,-1.9478260869565218,-21.982608695652175
1761998989.6211357,-2.365217391304348,-0.9739130434782609,-20.8
1761998989.6363213,-3.3391304347826085,0.6260869565217392,-16.83478260869565
1761998989.6495824,-5.982608695652174,2.017391304347826,-14.191304347826087
1761998989.6630604,-7.930434782608696,3.8260869565217392,-4.173913043478261
1761998989.6768816,-6.469565217391304,3.3391304347826085,3.6869565217391305
1761998989.6905596,-2.8521739130434782,4.869565217391305,5.7043478260869565
1761998989.7041898,-5.843478260869565,4.3130434782608695,7.6521739130434785
1761998989.7178645,-5.008695652173913,2.991304347826087,5.426086956521739
1761998989.7315598,-3.965217391304348,2.991304347826087,1.0434782608695652
1761998989.7452326,-3.2,1.182608695652174,-0.48695652173913045
1761998989.7588775,-3.130434782608696,1.391304347826087,-0.48695652173913045
1761998989.7726011,-4.034782608695652,1.182608695652174,0.48695652173913045
1761998989.7862132,-4.243478260869566,1.391304347826087,0.41739130434782606
1761998989.7997985,-3.6869565217391305,0.5565217391304348,-1.3217391304347825
1761998989.8134055,-3.965217391304348,1.6695652173913043,-0.6956521739130435
1761998989.827745,-3.5478260869565217,1.9478260869565218,0.7652173913043478
1761998989.841832,-3.6869565217391305,1.3217391304347825,-0.06956521739130435
1761998989.8554986,-3.3391304347826085,0.9739130434782609,-1.9478260869565218
1761998989.869279,-3.3391304347826085,0.6260869565217392,0.48695652173913045
1761998989.8829606,-3.2,0.8347826086956521,0.41739130434782606
1761998989.8966713,-3.6869565217391305,1.182608695652174,-1.0434782608695652
1761998989.91026,-3.3391304347826085,0.8347826086956521,-0.2782608695652174
1761998989.923828,-3.2695652173913046,0.8347826086956521,-0.34782608695652173
1761998989.9374118,-3.408695652173913,0.5565217391304348,-1.182608695652174
1761998989.9517186,-3.756521739130435,1.182608695652174,-0.06956521739130435
1761998989.9656072,-3.617391304347826,1.182608695652174,-0.6260869565217392
1761998989.979251,-3.3391304347826085,1.1130434782608696,-0.7652173913043478
1761998989.9931993,-3.8260869565217392,0.5565217391304348,-1.2521739130434784
1761998990.0068147,-3.2,1.0434782608695652,-0.06956521739130435
1761998990.0204184,-3.0608695652173914,0.7652173913043478,0.8347826086956521
1761998990.0340877,-3.5478260869565217,0.9043478260869565,-0.9043478260869565
1761998990.0477114,-3.2695652173913046,1.6,0.0
1761998990.0613315,-2.4347826086956523,0.6260869565217392,1.6
1761998990.075101,-2.782608695652174,1.1130434782608696,0.20869565217391303
1761998990.0888388,-2.7130434782608694,1.2521739130434784,2.017391304347826
1761998990.1024806,-1.3217391304347825,1.5304347826086957,6.608695652173913
1761998990.117848,-1.5304347826086957,-0.6260869565217392,14.26086956521739
1761998990.1323054,3.130434782608696,-5.356521739130435,17.530434782608694
1761998990.1459682,5.217391304347826,-5.7043478260869565,24.62608695652174
1761998990.1595805,1.6,-1.391304347826087,29.843478260869563
1761998990.1735165,-4.939130434782609,-0.5565217391304348,31.234782608695653
1761998990.186742,-5.6347826086956525,3.8956521739130436,32.06956521739131
1761998990.2002363,-4.104347826086957,2.7130434782608694,33.11304347826087
1761998990.213442,-3.408695652173913,0.41739130434782606,34.08695652173913
1761998990.2266603,-5.913043478260869,1.6,36.93913043478261
1761998990.2398677,-6.052173913043478,4.939130434782609,36.17391304347826
1761998990.2530794,-8.626086956521739,4.591304347826087,32.278260869565216
1761998990.2662795,-5.565217391304348,2.5043478260869567,24.48695652173913
1761998990.2794685,-3.408695652173913,3.617391304347826,18.434782608695652
1761998990.2927208,-5.843478260869565,3.6869565217391305,14.608695652173912
1761998990.3059814,-4.104347826086957,2.2956521739130435,5.982608695652174
1761998990.3193479,-4.521739130434782,0.9043478260869565,0.06956521739130435
1761998990.3326907,-3.408695652173913,1.808695652173913,-0.7652173913043478
1761998990.3462522,-3.617391304347826,1.391304347826087,-0.41739130434782606
1761998990.359762,-3.4782608695652173,1.0434782608695652,-0.7652173913043478
1761998990.3732944,-3.617391304347826,0.9043478260869565,-0.9043478260869565
1761998990.3869193,-3.5478260869565217,0.9043478260869565,-1.1130434782608696
1761998990.4010162,-3.8956521739130436,0.9739130434782609,-1.4608695652173913
1761998990.414908,-3.756521739130435,0.1391304347826087,-2.7130434782608694
1761998990.4296005,-4.243478260869566,0.7652173913043478,-1.8782608695652174
1761998990.4436836,-3.5478260869565217,0.6260869565217392,-1.808695652173913
1761998990.457707,-3.2695652173913046,0.06956521739130435,-2.5043478260869567
1761998990.4713306,-3.617391304347826,0.9043478260869565,-1.5304347826086957
1761998990.4850578,-3.3391304347826085,1.391304347826087,-0.6956521739130435
1761998990.498666,-3.756521739130435,0.5565217391304348,-0.9739130434782609
1761998990.5122843,-2.8521739130434782,1.182608695652174,-1.182608695652174
1761998990.525899,-3.4782608695652173,1.0434782608695652,-0.34782608695652173
1761998990.539513,-3.130434782608696,0.8347826086956521,-0.2782608695652174
1761998990.5531616,-3.2695652173913046,0.7652173913043478,-1.1130434782608696
1761998990.5667777,-3.408695652173913,0.9739130434782609,-0.9043478260869565
1761998990.580415,-3.408695652173913,0.8347826086956521,-0.48695652173913045
1761998990.5940094,-3.3391304347826085,0.9739130434782609,-0.6260869565217392
1761998990.6075878,-3.4782608695652173,0.7652173913043478,-0.5565217391304348
1761998990.6215165,-3.2,0.8347826086956521,-0.20869565217391303
1761998990.6352189,-3.2695652173913046,0.7652173913043478,-0.41739130434782606
1761998990.6484864,-3.408695652173913,0.6956521739130435,-0.7652173913043478
1761998990.661737,-3.4782608695652173,0.9739130434782609,-0.34782608695652173
1761998990.675314,-3.4782608695652173,0.9739130434782609,-0.34782608695652173
1761998990.6886654,-3.2695652173913046,0.6260869565217392,-1.2521739130434784
1761998990.702164,-3.4782608695652173,0.9739130434782609,-0.6956521739130435
1761998990.7159517,-3.3391304347826085,0.6956521739130435,-0.34782608695652173
1761998990.7300847,-3.617391304347826,0.8347826086956521,-1.0434782608695652
1761998990.7441533,-3.4782608695652173,1.0434782608695652,-0.6956521739130435
1761998990.7577102,-3.408695652173913,0.7652173913043478,-0.06956521739130435
1761998990.7713149,-3.408695652173913,0.9043478260869565,-0.41739130434782606
1761998990.7850974,-3.408695652173913,0.8347826086956521,-0.34782608695652173
1761998990.7990873,-3.3391304347826085,0.9043478260869565,-0.41739130434782606
1761998990.812327,-3.2695652173913046,0.7652173913043478,-0.5565217391304348
1761998990.825809,-3.2,0.9043478260869565,-0.1391304347826087
1761998990.8390641,-3.3391304347826085,0.9043478260869565,-0.1391304347826087
1761998990.852367,-3.4782608695652173,0.8347826086956521,-0.6260869565217392
1761998990.865632,-3.408695652173913,1.0434782608695652,-0.48695652173913045
1761998990.8789036,-3.5478260869565217,0.6260869565217392,-0.48695652173913045
1761998990.892151,-3.408695652173913,0.9043478260869565,-0.9043478260869565
1761998990.9055178,-3.617391304347826,1.6,-0.9739130434782609
1761998990.9189131,-3.3391304347826085,0.8347826086956521,-0.5565217391304348
1761998990.9331489,-3.4782608695652173,0.6260869565217392,-0.7652173913043478
1761998990.9464505,-3.408695652173913,0.7652173913043478,-0.8347826086956521
1761998990.959713,-3.2,0.9043478260869565,-0.6956521739130435
1761998990.9729216,-3.408695652173913,0.9043478260869565,-0.5565217391304348
1761998990.9863465,-3.408695652173913,0.9043478260869565,-0.6260869565217392
1761998990.9995904,-3.4782608695652173,1.3217391304347825,-0.5565217391304348
1761998991.0131128,-3.4782608695652173,0.8347826086956521,-0.7652173913043478
1761998991.0263588,-3.2695652173913046,0.8347826086956521,-0.6260869565217392
1761998991.040005,-3.5478260869565217,0.8347826086956521,-0.6260869565217392
1761998991.0532613,-3.408695652173913,0.7652173913043478,-0.7652173913043478
1761998991.0666304,-3.3391304347826085,0.9739130434782609,-0.5565217391304348
1761998991.0803258,-3.3391304347826085,0.8347826086956521,-0.34782608695652173
1761998991.093664,-3.3391304347826085,0.9043478260869565,-0.20869565217391303
1761998991.1074994,-3.408695652173913,0.8347826086956521,-0.2782608695652174
1761998991.1211143,-3.3391304347826085,1.0434782608695652,-0.1391304347826087
1761998991.1343687,-3.3391304347826085,0.9043478260869565,-0.34782608695652173
1761998991.1476357,-3.2695652173913046,0.9043478260869565,-0.41739130434782606
1761998991.1615725,-3.3391304347826085,0.7652173913043478,-0.48695652173913045
1761998991.1749833,-3.408695652173913,0.8347826086956521,-0.48695652173913045
1761998991.188194,-3.4782608695652173,0.9043478260869565,-0.41739130434782606
1761998991.2015698,-3.3391304347826085,0.8347826086956521,-0.48695652173913045
1761998991.2147617,-3.2,0.9043478260869565,-0.34782608695652173
1761998991.2279768,-3.2,0.9043478260869565,0.0
1761998991.241197,-3.3391304347826085,0.9043478260869565,-0.06956521739130435
1761998991.2544756,-3.3391304347826085,0.9043478260869565,-0.1391304347826087
1761998991.267688,-3.3391304347826085,0.8347826086956521,-0.2782608695652174
1761998991.280876,-3.408695652173913,0.6956521739130435,-0.2782608695652174
1761998991.2942803,-3.408695652173913,0.7652173913043478,-0.7652173913043478
1761998991.3074968,-3.4782608695652173,0.9739130434782609,-0.5565217391304348
1761998991.3207364,-3.4782608695652173,0.7652173913043478,-0.5565217391304348
1761998991.3339121,-3.4782608695652173,0.9739130434782609,-0.5565217391304348
1761998991.347101,-3.2695652173913046,0.8347826086956521,-0.48695652173913045
1761998991.360336,-3.2695652173913046,0.7652173913043478,-0.7652173913043478
1761998991.3735688,-3.3391304347826085,0.8347826086956521,-0.5565217391304348
1761998991.3867807,-3.4782608695652173,0.9043478260869565,-0.48695652173913045
1761998991.4000533,-3.408695652173913,0.9043478260869565,-0.7652173913043478
1761998991.4139626,-3.408695652173913,0.8347826086956521,-0.9043478260869565
1761998991.427539,-3.5478260869565217,0.8347826086956521,-0.9739130434782609
1761998991.4416127,-3.4782608695652173,0.7652173913043478,-1.182608695652174
1761998991.4551754,-3.2,0.6956521739130435,-1.182608695652174
1761998991.4687796,-3.3391304347826085,0.9043478260869565,-0.5565217391304348
1761998991.4826913,-3.3391304347826085,0.6260869565217392,-0.6956521739130435
1761998991.4964862,-3.4782608695652173,0.8347826086956521,-0.6956521739130435
1761998991.5100281,-2.4347826086956523,0.48695652173913045,-1.6695652173913043
1761998991.5237205,-2.9217391304347826,-0.8347826086956521,-1.808695652173913
1761998991.5373278,-3.3391304347826085,0.9739130434782609,-1.4608695652173913
1761998991.5509112,-2.991304347826087,0.20869565217391303,-2.017391304347826
1761998991.56446,-2.7130434782608694,0.20869565217391303,-2.2956521739130435
1761998991.5781772,-3.3391304347826085,1.4608695652173913,-2.782608695652174
1761998991.5917087,-3.8260869565217392,2.0869565217391304,-3.8956521739130436
1761998991.6052597,-3.2695652173913046,-0.1391304347826087,-4.591304347826087
1761998991.6189358,-2.8521739130434782,0.7652173913043478,-5.147826086956521
1761998991.6324923,-2.5043478260869567,-0.7652173913043478,-5.426086956521739
1761998991.6460245,-2.017391304347826,0.06956521739130435,-3.756521739130435
1761998991.659696,-3.4782608695652173,1.2521739130434784,-2.4347826086956523
1761998991.6733265,-3.8956521739130436,1.6,-0.5565217391304348
1761998991.6868608,-3.5478260869565217,1.7391304347826086,0.9739130434782609
1761998991.700403,-4.521739130434782,1.8782608695652174,1.4608695652173913
1761998991.7139554,-4.591304347826087,2.017391304347826,1.6
1761998991.728551,-4.8,1.391304347826087,1.4608695652173913
1761998991.7418807,-2.8521739130434782,1.1130434782608696,0.8347826086956521
1761998991.7552633,-3.408695652173913,0.20869565217391303,0.48695652173913045
1761998991.7694688,-3.0608695652173914,0.8347826086956521,0.06956521739130435
1761998991.7828953,-3.6869565217391305,1.391304347826087,-0.5565217391304348
1761998991.796262,-3.5478260869565217,0.6956521739130435,-0.41739130434782606
1761998991.8098235,-3.4782608695652173,0.9043478260869565,-0.20869565217391303
1761998991.8240592,-3.2695652173913046,1.6,0.0
1761998991.838054,-3.2695652173913046,0.7652173913043478,-0.06956521739130435
1761998991.8513472,-3.2695652173913046,0.9043478260869565,-0.34782608695652173
1761998991.8650644,-3.0608695652173914,0.6260869565217392,-0.48695652173913045
1761998991.8794518,-3.130434782608696,0.5565217391304348,-0.6260869565217392
1761998991.8932667,-2.991304347826087,0.7652173913043478,-0.7652173913043478
1761998991.9067342,-3.2,0.6260869565217392,-0.34782608695652173
1761998991.9202218,-3.4782608695652173,0.7652173913043478,-0.41739130434782606
1761998991.933699,-3.5478260869565217,0.7652173913043478,-0.48695652173913045
1761998991.9470189,-3.4782608695652173,0.7652173913043478,-0.20869565217391303
1761998991.9603624,-3.4782608695652173,0.8347826086956521,-0.6260869565217392
1761998991.9736881,-3.4782608695652173,0.8347826086956521,-0.7652173913043478
1761998991.9870582,-3.5478260869565217,0.7652173913043478,-0.6956521739130435
1761998992.0003178,-3.5478260869565217,0.8347826086956521,-0.7652173913043478
1761998992.0135772,-3.4782608695652173,0.6956521739130435,-0.9043478260869565
1761998992.0268333,-3.408695652173913,0.6956521739130435,-0.9043478260869565
1761998992.040771,-3.408695652173913,0.6260869565217392,-1.2521739130434784
1761998992.0544593,-3.408695652173913,0.6956521739130435,-1.391304347826087
1761998992.0682688,-3.5478260869565217,0.7652173913043478,-1.0434782608695652
1761998992.0818682,-3.617391304347826,0.9043478260869565,-0.6956521739130435
1761998992.095597,-3.617391304347826,0.9739130434782609,-0.6260869565217392
1761998992.1092403,-3.3391304347826085,0.9043478260869565,-0.41739130434782606
1761998992.1229281,-3.3391304347826085,0.7652173913043478,-0.34782608695652173
1761998992.1365993,-3.2695652173913046,0.6956521739130435,-0.48695652173913045
1761998992.15021,-3.3391304347826085,0.7652173913043478,-0.48695652173913045
1761998992.1638048,-3.4782608695652173,0.8347826086956521,-0.41739130434782606
1761998992.1777685,-3.408695652173913,0.9043478260869565,-0.48695652173913045
1761998992.1915867,-3.408695652173913,0.8347826086956521,-0.41739130434782606
1761998992.2055235,-3.408695652173913,0.9043478260869565,-0.48695652173913045
1761998992.219078,-3.2695652173913046,0.8347826086956521,-0.34782608695652173
1761998992.2328572,-3.4782608695652173,0.8347826086956521,-0.41739130434782606
1761998992.2465127,-3.5478260869565217,0.9043478260869565,-0.41739130434782606
1761998992.26033,-3.4782608695652173,0.9043478260869565,-0.5565217391304348
1761998992.2741325,-3.3391304347826085,0.9043478260869565,-0.6956521739130435
1761998992.2882142,-3.408695652173913,0.8347826086956521,-0.5565217391304348
1761998992.3018715,-3.408695652173913,0.9043478260869565,-0.5565217391304348
1761998992.3157914,-3.5478260869565217,0.9043478260869565,-0.48695652173913045
1761998992.3294394,-3.408695652173913,0.9043478260869565,-0.48695652173913045
1761998992.343429,-3.408695652173913,0.8347826086956521,-0.5565217391304348
1761998992.357163,-3.408695652173913,0.9043478260869565,-0.5565217391304348
1761998992.371405,-3.4782608695652173,0.9043478260869565,-0.5565217391304348
1761998992.3856363,-3.408695652173913,0.9043478260869565,-0.41739130434782606
1761998992.3993387,-3.5478260869565217,1.5304347826086957,-0.34782608695652173
1761998992.4130797,-3.4782608695652173,0.8347826086956521,-0.34782608695652173
1761998992.4267387,-3.408695652173913,0.7652173913043478,-0.48695652173913045
1761998992.4404042,-3.2695652173913046,0.6260869565217392,-0.48695652173913045
1761998992.454201,-3.4782608695652173,0.9043478260869565,-0.6956521739130435
1761998992.467867,-3.3391304347826085,0.8347826086956521,-0.6260869565217392
1761998992.48168,-3.4782608695652173,0.7652173913043478,-0.48695652173913045
1761998992.4953496,-3.3391304347826085,0.9043478260869565,-0.34782608695652173
1761998992.509058,-3.408695652173913,0.8347826086956521,-0.34782608695652173
1761998992.5230181,-3.4782608695652173,0.7652173913043478,-0.2782608695652174
1761998992.5368376,-3.4782608695652173,0.9043478260869565,-0.1391304347826087
1761998992.5504997,-3.5478260869565217,0.9739130434782609,-0.20869565217391303
1761998992.5641809,-3.4782608695652173,0.9739130434782609,-0.41739130434782606
1761998992.5778394,-3.5478260869565217,0.9043478260869565,-0.41739130434782606
1761998992.5916977,-3.5478260869565217,0.8347826086956521,-0.41739130434782606
1761998992.6053057,-3.408695652173913,0.9043478260869565,-0.2782608695652174
1761998992.6190205,-3.3391304347826085,0.8347826086956521,-0.48695652173913045
1761998992.6322262,-3.3391304347826085,0.7652173913043478,-0.48695652173913045
1761998992.6465282,-3.3391304347826085,0.48695652173913045,-0.7652173913043478
1761998992.660009,-3.408695652173913,0.9043478260869565,-0.48695652173913045
1761998992.6732044,-3.3391304347826085,0.9739130434782609,-0.41739130434782606
1761998992.6866736,-3.2695652173913046,0.9739130434782609,-0.2782608695652174
1761998992.7000637,-3.2695652173913046,0.9739130434782609,-0.2782608695652174
1761998992.7133586,-3.2695652173913046,0.9739130434782609,-0.1391304347826087
1761998992.7267957,-3.2695652173913046,0.9043478260869565,0.0
1761998992.7400277,-3.2695652173913046,1.0434782608695652,-0.2782608695652174
1761998992.7532837,-3.3391304347826085,1.0434782608695652,-0.20869565217391303
1761998992.766767,-3.2695652173913046,1.0434782608695652,0.0
1761998992.7800112,-3.2695652173913046,1.3217391304347825,0.1391304347826087
1761998992.7932208,-3.4782608695652173,2.017391304347826,0.48695652173913045
1761998992.8064346,-3.2695652173913046,1.0434782608695652,0.20869565217391303
1761998992.8199096,-2.5739130434782607,-0.41739130434782606,0.2782608695652174
1761998992.8330855,-2.9217391304347826,0.41739130434782606,0.7652173913043478
1761998992.8462658,-3.0608695652173914,0.5565217391304348,-0.1391304347826087
1761998992.8597312,-3.756521739130435,0.7652173913043478,-0.48695652173913045
1761998992.873114,-3.4782608695652173,1.0434782608695652,-0.06956521739130435
1761998992.8863544,-3.3391304347826085,0.8347826086956521,0.2782608695652174
1761998992.8999774,-3.3391304347826085,0.6260869565217392,0.6260869565217392
1761998992.9136086,-3.2695652173913046,0.34782608695652173,1.0434782608695652
1761998992.9273584,-3.0608695652173914,0.5565217391304348,1.0434782608695652
1761998992.942447,-3.130434782608696,0.8347826086956521,0.34782608695652173
1761998992.9563913,-3.408695652173913,0.7652173913043478,0.1391304347826087
1761998992.9700787,-3.4782608695652173,0.8347826086956521,-0.2782608695652174
1761998992.9838178,-3.5478260869565217,1.2521739130434784,-0.34782608695652173
1761998992.9974232,-3.4782608695652173,1.182608695652174,-0.48695652173913045
1761998993.011014,-3.130434782608696,0.5565217391304348,-0.41739130434782606
1761998993.0247016,-2.643478260869565,0.2782608695652174,0.34782608695652173
1761998993.0384777,-2.5043478260869567,-0.5565217391304348,1.6695652173913043
1761998993.052095,-1.808695652173913,-0.5565217391304348,2.1565217391304348
1761998993.0659711,-2.1565217391304348,-0.6260869565217392,3.5478260869565217
1761998993.0795748,-2.4347826086956523,0.8347826086956521,5.913043478260869
1761998993.0935087,-3.0608695652173914,0.20869565217391303,9.669565217391304
1761998993.1073842,-1.5304347826086957,-0.5565217391304348,11.895652173913044
1761998993.1214516,-1.0434782608695652,0.0,14.956521739130435
1761998993.1350472,-2.0869565217391304,-0.34782608695652173,18.504347826086956
1761998993.1488256,-2.9217391304347826,-1.182608695652174,19.895652173913042
1761998993.1624393,-3.3391304347826085,0.0,22.05217391304348
1761998993.1762435,-1.7391304347826086,0.34782608695652173,20.31304347826087
1761998993.1904922,-1.808695652173913,0.0,19.269565217391303
1761998993.2040918,-0.9043478260869565,0.6956521739130435,18.643478260869564
1761998993.2177532,-2.1565217391304348,0.48695652173913045,19.68695652173913
1761998993.231453,-2.5043478260869567,0.7652173913043478,20.452173913043477
1761998993.245129,-3.965217391304348,1.1130434782608696,20.869565217391305
1761998993.25947,-3.6869565217391305,0.6956521739130435,20.93913043478261
1761998993.2731302,-4.591304347826087,1.808695652173913,21.77391304347826
1761998993.2867298,-4.3826086956521735,1.808695652173913,21.217391304347824
1761998993.300682,-5.28695652173913,1.7391304347826086,21.286956521739132
1761998993.3145752,-5.217391304347826,1.182608695652174,20.591304347826085
1761998993.3278103,-4.869565217391305,2.9217391304347826,19.408695652173915
1761998993.3411994,-3.4782608695652173,2.226086956521739,17.73913043478261
1761998993.354476,-2.5739130434782607,-0.41739130434782606,15.582608695652175
1761998993.3679368,-2.4347826086956523,0.2782608695652174,14.191304347826087
1761998993.381178,-2.5043478260869567,0.20869565217391303,12.730434782608695
1761998993.3946602,-2.991304347826087,0.6956521739130435,9.182608695652174
1761998993.407877,-3.5478260869565217,1.0434782608695652,5.28695652173913
1761998993.421173,-4.3130434782608695,1.391304347826087,2.7130434782608694
1761998993.4347162,-5.6347826086956525,1.4608695652173913,-0.8347826086956521
1761998993.4480093,-5.217391304347826,1.2521739130434784,-0.8347826086956521
1761998993.4616642,-4.173913043478261,1.3217391304347825,-0.20869565217391303
1761998993.475263,-4.3826086956521735,1.9478260869565218,-0.20869565217391303
1761998993.488962,-3.617391304347826,0.8347826086956521,-0.9043478260869565
1761998993.503216,-3.5478260869565217,0.7652173913043478,-0.8347826086956521
1761998993.5164316,-3.5478260869565217,1.808695652173913,-0.41739130434782606
1761998993.5298126,-3.408695652173913,0.7652173913043478,-0.6956521739130435
1761998993.543103,-3.5478260869565217,1.0434782608695652,-0.5565217391304348
1761998993.5564234,-3.617391304347826,1.0434782608695652,-0.34782608695652173
1761998993.5696535,-4.034782608695652,1.6,-0.1391304347826087
1761998993.5831425,-3.617391304347826,1.182608695652174,-0.1391304347826087
1761998993.5963385,-3.8260869565217392,1.391304347826087,-0.06956521739130435
1761998993.6096654,-4.034782608695652,1.6695652173913043,-0.06956521739130435
1761998993.6228762,-3.6869565217391305,0.9739130434782609,-0.5565217391304348
1761998993.6362734,-3.756521739130435,0.9043478260869565,-1.0434782608695652
1761998993.6497817,-3.617391304347826,0.5565217391304348,-1.391304347826087
1761998993.6629922,-3.4782608695652173,0.5565217391304348,-1.2521739130434784
1761998993.676195,-3.408695652173913,0.7652173913043478,-1.0434782608695652
1761998993.6897388,-3.5478260869565217,0.9043478260869565,-1.391304347826087
1761998993.703132,-3.756521739130435,0.9739130434782609,-1.391304347826087
1761998993.7164602,-3.8260869565217392,1.182608695652174,-0.9043478260869565
1761998993.7296894,-3.756521739130435,0.9739130434782609,-1.2521739130434784
1761998993.7429445,-3.617391304347826,0.9739130434782609,-1.4608695652173913
1761998993.7561657,-3.617391304347826,1.1130434782608696,-1.6
1761998993.7693706,-3.6869565217391305,0.9739130434782609,-1.2521739130434784
1761998993.7826285,-3.3391304347826085,0.9043478260869565,-0.8347826086956521
1761998993.7960086,-3.2695652173913046,0.8347826086956521,-0.6956521739130435
1761998993.8093176,-3.2695652173913046,0.6956521739130435,-0.9043478260869565
1761998993.822643,-3.2,0.6260869565217392,-0.9739130434782609
1761998993.8358903,-3.130434782608696,0.34782608695652173,-1.391304347826087
1761998993.8492026,-3.130434782608696,0.34782608695652173,-1.5304347826086957
1761998993.862493,-3.617391304347826,0.6956521739130435,-1.9478260869565218
1761998993.8757503,-3.408695652173913,0.6956521739130435,-2.5043478260869567
1761998993.8889651,-3.0608695652173914,0.6260869565217392,-2.5043478260869567
1761998993.902295,-2.365217391304348,0.0,-3.3391304347826085
1761998993.9155238,-2.017391304347826,0.20869565217391303,-4.521739130434782
1761998993.9289227,-2.9217391304347826,0.34782608695652173,-5.078260869565217
1761998993.942138,-3.3391304347826085,0.5565217391304348,-6.886956521739131
1761998993.9559193,-2.7130434782608694,-0.34782608695652173,-10.365217391304348
1761998993.9695623,-0.34782608695652173,-1.2521739130434784,-12.591304347826087
1761998993.9831383,-1.1130434782608696,-1.5304347826086957,-17.878260869565217
1761998993.9967625,-2.5739130434782607,-0.48695652173913045,-25.043478260869566
1761998994.0103302,-5.495652173913044,-1.5304347826086957,-27.68695652173913
1761998994.0238957,-4.521739130434782,-2.991304347826087,-34.78260869565217
1761998994.0375743,-1.6,-0.41739130434782606,-42.36521739130435
1761998994.0513647,-2.782608695652174,-0.9739130434782609,-51.2695652173913
1761998994.0652652,-2.226086956521739,0.41739130434782606,-56.208695652173915
1761998994.0788975,-5.28695652173913,0.0,-66.92173913043479
1761998994.0924308,-4.3130434782608695,4.034782608695652,-80.13913043478261
1761998994.1060011,-4.660869565217391,2.017391304347826,-87.72173913043478
1761998994.119729,-1.6695652173913043,-0.34782608695652173,-102.26086956521739
1761998994.133302,-0.9739130434782609,-2.017391304347826,-115.54782608695652
1761998994.1468372,-0.06956521739130435,-2.9217391304347826,-122.99130434782609
1761998994.1606457,0.48695652173913045,-4.452173913043478,-139.1304347826087
1761998994.1738737,-2.226086956521739,-7.51304347826087,-157.28695652173914
1761998994.1870763,-2.365217391304348,-10.991304347826087,-169.04347826086956
1761998994.2003915,-0.9043478260869565,-7.165217391304348,-193.18260869565216
1761998994.2140667,-0.34782608695652173,-15.582608695652175,-216.41739130434783
1761998994.2273011,-16.417391304347827,-7.860869565217391,-223.58260869565217
1761998994.2405362,-2.1565217391304348,-6.608695652173913,-241.7391304347826
1761998994.2537699,-9.252173913043478,-2.2956521739130435,-253.42608695652174
1761998994.2674298,-11.2,-1.391304347826087,-257.8086956521739
1761998994.2809207,-7.582608695652174,4.660869565217391,-259.82608695652175
1761998994.294137,-4.104347826086957,10.365217391304348,-253.98260869565217
1761998994.307354,-9.6,10.434782608695652,-247.23478260869564
1761998994.3206306,-11.269565217391305,1.3217391304347825,-234.64347826086956
1761998994.3338847,-1.6,11.617391304347827,-216.55652173913043
1761998994.3471062,-10.08695652173913,4.869565217391305,-203.75652173913045
1761998994.3603292,-6.747826086956522,-0.9739130434782609,-181.2173913043478
1761998994.3736308,2.5043478260869567,-1.7391304347826086,-158.95652173913044
1761998994.387432,1.808695652173913,-6.052173913043478,-148.66086956521738
1761998994.4010613,-3.3391304347826085,-1.6,-126.4
1761998994.414571,-6.469565217391304,4.3130434782608695,-102.4
1761998994.4287457,-12.521739130434783,7.443478260869565,-89.11304347826086
1761998994.4439976,-14.191304347826087,3.2,-69.28695652173913
1761998994.4572313,-8.904347826086957,3.617391304347826,-47.582608695652176
1761998994.4707036,-3.8956521739130436,0.7652173913043478,-29.356521739130436
1761998994.4839272,-7.373913043478261,3.6869565217391305,-21.565217391304348
1761998994.4986668,-9.947826086956521,5.6347826086956525,-8.417391304347825
1761998994.5119472,-3.756521739130435,-2.017391304347826,-3.5478260869565217
1761998994.525734,-1.182608695652174,1.3217391304347825,-9.530434782608696
1761998994.5389256,-2.643478260869565,0.6260869565217392,-11.68695652173913
1761998994.5521557,-0.48695652173913045,-1.4608695652173913,-11.269565217391305
1761998994.565395,-0.6260869565217392,1.182608695652174,-10.08695652173913
1761998994.5786903,-2.8521739130434782,1.182608695652174,-6.260869565217392
1761998994.5921574,-3.8260869565217392,1.8782608695652174,-2.4347826086956523
1761998994.6057808,-5.495652173913044,2.017391304347826,-0.7652173913043478
1761998994.619231,-3.8260869565217392,1.6695652173913043,0.6260869565217392
1761998994.6324296,-3.8956521739130436,1.3217391304347825,-0.41739130434782606
1761998994.645649,-3.5478260869565217,0.9043478260869565,-0.9739130434782609
1761998994.6588461,-3.6869565217391305,1.0434782608695652,-1.3217391304347825
1761998994.6720412,-4.173913043478261,1.3217391304347825,-0.2782608695652174
1761998994.6854997,-3.756521739130435,1.182608695652174,-0.06956521739130435
1761998994.700566,-3.756521739130435,1.1130434782608696,0.20869565217391303
1761998994.713846,-3.2,1.1130434782608696,0.1391304347826087
1761998994.7282426,-3.130434782608696,0.9739130434782609,0.34782608695652173
1761998994.7433538,-3.130434782608696,1.182608695652174,0.06956521739130435
1761998994.7567945,-3.2695652173913046,0.8347826086956521,-0.6260869565217392
1761998994.7700179,-3.3391304347826085,0.48695652173913045,-1.4608695652173913
1761998994.7834194,-3.3391304347826085,0.6260869565217392,-0.41739130434782606
1761998994.7968276,-3.4782608695652173,1.6695652173913043,-0.41739130434782606
1761998994.8102858,-3.408695652173913,0.9043478260869565,-0.9043478260869565
1761998994.8235068,-3.617391304347826,1.0434782608695652,-0.5565217391304348
1761998994.8373148,-3.2695652173913046,0.7652173913043478,-0.6260869565217392
1761998994.8513064,-3.2695652173913046,0.7652173913043478,-0.7652173913043478
1761998994.8645935,-3.408695652173913,0.9739130434782609,-0.20869565217391303
1761998994.877826,-3.408695652173913,1.0434782608695652,-0.06956521739130435
1761998994.891055,-3.5478260869565217,0.7652173913043478,-0.34782608695652173
1761998994.9043126,-3.3391304347826085,0.7652173913043478,-0.06956521739130435
1761998994.917549,-3.3391304347826085,0.9043478260869565,0.06956521739130435
1761998994.93075,-3.5478260869565217,0.9739130434782609,0.0
1761998994.9439423,-3.408695652173913,0.9739130434782609,-0.1391304347826087
1761998994.9571722,-3.5478260869565217,1.182608695652174,0.06956521739130435
1761998994.970751,-3.3391304347826085,1.2521739130434784,0.41739130434782606
1761998994.9843287,-3.408695652173913,1.2521739130434784,0.48695652173913045
1761998994.9978678,-3.2695652173913046,1.0434782608695652,0.34782608695652173
1761998995.0113869,-3.3391304347826085,1.1130434782608696,0.1391304347826087
1761998995.0250533,-3.2,1.0434782608695652,0.41739130434782606
1761998995.0386064,-3.130434782608696,1.1130434782608696,0.41739130434782606
1761998995.052194,-3.2695652173913046,1.2521739130434784,0.34782608695652173
1761998995.065769,-3.2,1.2521739130434784,0.5565217391304348
1761998995.0793579,-3.2,1.2521739130434784,0.5565217391304348
1761998995.0929663,-3.3391304347826085,1.3217391304347825,0.6260869565217392
1761998995.106539,-3.3391304347826085,1.2521739130434784,1.182608695652174
1761998995.1201787,-3.3391304347826085,1.391304347826087,1.3217391304347825
1761998995.1337583,-3.408695652173913,1.391304347826087,1.391304347826087
1761998995.147316,-3.2695652173913046,0.9739130434782609,1.3217391304347825
1761998995.1609406,-3.130434782608696,1.1130434782608696,1.5304347826086957
1761998995.1745555,-1.0434782608695652,-0.7652173913043478,3.6869565217391305
1761998995.1881733,1.808695652173913,-2.5043478260869567,9.530434782608696
1761998995.2018552,-0.20869565217391303,-1.3217391304347825,17.878260869565217
1761998995.215448,-0.9739130434782609,1.182608695652174,22.4
1761998995.2290773,-1.2521739130434784,2.5043478260869567,28.730434782608697
1761998995.2427115,-3.965217391304348,1.808695652173913,33.391304347826086
1761998995.2563112,-2.2956521739130435,1.5304347826086957,35.06086956521739
1761998995.2699065,-4.173913043478261,1.5304347826086957,38.95652173913044
1761998995.283494,1.3217391304347825,-1.6695652173913043,48.278260869565216
1761998995.297175,-1.0434782608695652,-0.48695652173913045,54.81739130434783
1761998995.3107717,3.3391304347826085,-2.4347826086956523,68.10434782608695
1761998995.3243637,-0.34782608695652173,-2.5043478260869567,83.82608695652173
1761998995.3380444,-0.5565217391304348,-1.3217391304347825,97.32173913043478
1761998995.3516157,-3.2,1.5304347826086957,105.11304347826086
1761998995.36521,-1.6695652173913043,1.7391304347826086,118.88695652173914
1761998995.3789384,-0.34782608695652173,1.4608695652173913,133.1478260869565
1761998995.3921654,-3.2695652173913046,2.4347826086956523,139.75652173913045
1761998995.405378,-2.4347826086956523,3.3391304347826085,150.2608695652174
1761998995.418579,-6.3304347826086955,4.452173913043478,158.7478260869565
1761998995.4317818,-6.052173913043478,5.426086956521739,161.6695652173913
1761998995.4464955,-8.278260869565218,5.495652173913044,167.8608695652174
1761998995.4599593,-9.043478260869565,4.8,170.43478260869566
1761998995.4731128,-7.373913043478261,4.452173913043478,170.9217391304348
1761998995.4866586,-3.0608695652173914,1.2521739130434784,169.2521739130435
1761998995.4998426,-0.48695652173913045,-0.41739130434782606,168.55652173913043
1761998995.5130625,1.182608695652174,-1.9478260869565218,168.41739130434783
1761998995.5262194,-0.48695652173913045,-0.2782608695652174,169.7391304347826
1761998995.5395014,1.6,-2.0869565217391304,170.57391304347826
1761998995.5527737,-4.104347826086957,3.6869565217391305,168.76521739130436
1761998995.5659807,-9.530434782608696,7.234782608695652,162.22608695652173
1761998995.5794218,-10.991304347826087,7.6521739130434785,152.34782608695653
1761998995.5931036,-5.217391304347826,2.991304347826087,146.7826086956522
1761998995.607264,-1.0434782608695652,-2.365217391304348,136.27826086956523
1761998995.6204662,-4.521739130434782,0.9043478260869565,128.83478260869566
1761998995.6336834,-2.0869565217391304,0.34782608695652173,126.26086956521739
1761998995.6472902,-5.008695652173913,1.2521739130434784,118.81739130434782
1761998995.660492,-3.8260869565217392,3.0608695652173914,109.56521739130434
1761998995.6737204,-2.9217391304347826,0.6956521739130435,106.78260869565217
1761998995.686912,-5.078260869565217,4.034782608695652,102.33043478260869
1761998995.7000952,-3.6869565217391305,1.6695652173913043,94.67826086956522
1761998995.7136662,-5.008695652173913,2.017391304347826,89.18260869565218
1761998995.7270691,-5.6347826086956525,2.1565217391304348,77.49565217391304
1761998995.7402933,-5.008695652173913,3.2,66.29565217391304
1761998995.7536633,-4.521739130434782,1.7391304347826086,61.982608695652175
1761998995.7677078,-1.4608695652173913,-1.6695652173913043,53.982608695652175
1761998995.7809782,-2.017391304347826,-0.6260869565217392,48.48695652173913
1761998995.7944624,-2.2956521739130435,-1.182608695652174,46.608695652173914
1761998995.8091385,-3.4782608695652173,1.9478260869565218,42.78260869565217
1761998995.8223584,-2.782608695652174,1.3217391304347825,37.495652173913044
1761998995.8355625,-4.452173913043478,2.2956521739130435,33.80869565217391
1761998995.8488066,-3.756521739130435,1.7391304347826086,25.530434782608694
1761998995.862293,-4.452173913043478,1.1130434782608696,15.860869565217392
1761998995.875505,-6.191304347826087,3.6869565217391305,11.130434782608695
1761998995.888741,-5.7043478260869565,2.2956521739130435,2.0869565217391304
1761998995.9020607,-3.4782608695652173,0.48695652173913045,-2.0869565217391304
1761998995.9161685,-2.1565217391304348,-0.20869565217391303,-2.643478260869565
1761998995.9302351,-1.808695652173913,-0.41739130434782606,-3.4782608695652173
1761998995.9442475,-1.9478260869565218,-1.3217391304347825,-3.8260869565217392
1761998995.9582462,-2.365217391304348,-0.9739130434782609,-3.0608695652173914
1761998995.9719696,-3.617391304347826,0.5565217391304348,-1.9478260869565218
1761998995.985585,-3.8956521739130436,1.2521739130434784,-0.8347826086956521
1761998995.999383,-4.8,2.1565217391304348,-0.7652173913043478
1761998996.0130389,-5.495652173913044,2.1565217391304348,-1.1130434782608696
1761998996.0266814,-5.843478260869565,2.1565217391304348,-2.5739130434782607
1761998996.040296,-5.217391304347826,2.226086956521739,-3.5478260869565217
1761998996.054773,-4.452173913043478,1.391304347826087,-3.0608695652173914
1761998996.068445,-4.3130434782608695,1.6695652173913043,-2.7130434782608694
1761998996.0820568,-4.243478260869566,1.2521739130434784,-2.226086956521739
1761998996.1080844,-3.2695652173913046,0.9043478260869565,-0.9739130434782609
1761998996.1219237,-3.2,0.6956521739130435,-0.48695652173913045
1761998996.1355655,-3.2,0.6260869565217392,-0.9043478260869565
1761998996.1496181,-3.0608695652173914,0.6956521739130435,-0.7652173913043478
1761998996.1637235,-3.0608695652173914,0.7652173913043478,-0.9043478260869565
1761998996.177755,-2.9217391304347826,0.48695652173913045,-1.2521739130434784
1761998996.1913724,-3.0608695652173914,0.5565217391304348,-1.7391304347826086
1761998996.2051766,-2.5043478260869567,-0.06956521739130435,-1.9478260869565218
1761998996.2187097,-1.7391304347826086,-0.6260869565217392,-2.365217391304348
1761998996.2326725,-1.808695652173913,-0.48695652173913045,-2.5043478260869567
1761998996.2458818,-2.1565217391304348,-0.1391304347826087,-2.782608695652174
1761998996.261758,-5.147826086956521,1.7391304347826086,-1.7391304347826086
1761998996.275012,-4.452173913043478,1.5304347826086957,-1.6
1761998996.2896004,-4.660869565217391,2.0869565217391304,-1.4608695652173913
1761998996.3039618,-4.452173913043478,1.6,-2.226086956521739
1761998996.3175273,-4.660869565217391,1.3217391304347825,-2.8521739130434782
1761998996.3311038,-5.078260869565217,2.4347826086956523,-2.991304347826087
1761998996.3447738,-4.939130434782609,1.182608695652174,-5.426086956521739
1761998996.358555,-4.3130434782608695,0.34782608695652173,-7.165217391304348
1761998996.3724604,-3.4782608695652173,-0.6260869565217392,-12.104347826086956
1761998996.3856895,-2.017391304347826,-2.8521739130434782,-21.286956521739132
1761998996.398891,-0.9043478260869565,-2.5739130434782607,-28.31304347826087
1761998996.4121034,-1.1130434782608696,-1.4608695652173913,-44.17391304347826
1761998996.4254134,-4.730434782608696,5.078260869565217,-56.834782608695654
1761998996.4386423,-6.260869565217392,-0.20869565217391303,-59.756521739130434
1761998996.4518547,-2.2956521739130435,-2.5739130434782607,-64.97391304347826
1761998996.4650884,0.7652173913043478,-0.2782608695652174,-75.75652173913043
1761998996.4786663,1.808695652173913,-2.643478260869565,-81.6
1761998996.4922228,-1.808695652173913,-0.6260869565217392,-93.91304347826087
1761998996.5063052,-2.7130434782608694,2.2956521739130435,-104.41739130434783
1761998996.5217197,-2.5739130434782607,1.2521739130434784,-113.5304347826087
1761998996.5357618,-3.2,1.4608695652173913,-117.28695652173913
1761998996.5490022,-1.1130434782608696,2.5739130434782607,-121.3913043478261
1761998996.5622523,-5.078260869565217,-0.1391304347826087,-124.03478260869565
1761998996.5755093,-2.2956521739130435,-0.48695652173913045,-125.98260869565217
1761998996.5889254,0.0,1.182608695652174,-131.61739130434782
1761998996.602108,-5.008695652173913,-2.643478260869565,-136.41739130434783
1761998996.6152754,1.7391304347826086,-2.017391304347826,-138.64347826086956
1761998996.628494,-0.6260869565217392,-4.3130434782608695,-143.7913043478261
1761998996.6416926,2.0869565217391304,-8.695652173913043,-151.8608695652174
1761998996.6548827,-3.4782608695652173,-6.121739130434783,-156.59130434782608
1761998996.6682422,-0.9739130434782609,-5.982608695652174,-164.45217391304348
1761998996.6815126,-1.6,-5.982608695652174,-168.41739130434783
1761998996.6947932,-4.521739130434782,-2.782608695652174,-170.71304347826086
1761998996.7080555,-4.660869565217391,-0.2782608695652174,-173.42608695652174
1761998996.7213705,-8.139130434782608,3.3391304347826085,-173.98260869565217
1761998996.7346969,-6.817391304347826,5.982608695652174,-174.4695652173913
1761998996.7480159,-3.8956521739130436,13.42608695652174,-172.10434782608695
1761998996.7638903,-11.2,5.426086956521739,-164.24347826086955
1761998996.7772858,-10.991304347826087,1.182608695652174,-158.6086956521739
1761998996.790947,-6.886956521739131,1.6695652173913043,-143.23478260869564
1761998996.8045561,-5.217391304347826,1.6695652173913043,-126.4695652173913
1761998996.8180063,-5.356521739130435,2.226086956521739,-118.4
1761998996.8317413,-7.095652173913043,3.2695652173913046,-101.56521739130434
1761998996.8468769,-3.5478260869565217,0.2782608695652174,-87.37391304347825
1761998996.8602216,-6.3304347826086955,-2.017391304347826,-74.22608695652174
1761998996.8791237,-3.756521739130435,0.1391304347826087,-61.84347826086957
1761998996.8924181,-3.2,2.991304347826087,-49.25217391304348
1761998996.90567,-2.2956521739130435,-4.034782608695652,-42.71304347826087
1761998996.918879,-3.0608695652173914,-0.34782608695652173,-31.652173913043477
1761998996.9320815,1.3217391304347825,6.539130434782609,-20.8
1761998996.9453075,-1.7391304347826086,-3.2695652173913046,-16.347826086956523
1761998996.9585323,-8.208695652173914,4.452173913043478,-6.3304347826086955
1761998996.9717603,-3.0608695652173914,0.5565217391304348,1.1130434782608696
1761998996.9849913,-5.495652173913044,1.6,3.408695652173913
1761998996.9985185,-6.4,2.4347826086956523,4.034782608695652
1761998997.0122473,-7.234782608695652,1.2521739130434784,3.0608695652173914
1761998997.0254242,-4.452173913043478,1.0434782608695652,1.8782608695652174
1761998997.0388439,-4.3826086956521735,0.8347826086956521,0.1391304347826087
1761998997.052,-3.8260869565217392,0.9043478260869565,-0.06956521739130435
1761998997.0655856,-4.104347826086957,1.2521739130434784,0.0
1761998997.0787838,-3.6869565217391305,0.9043478260869565,-0.20869565217391303
1761998997.0923955,-3.617391304347826,1.1130434782608696,-0.6260869565217392
1761998997.1055884,-3.5478260869565217,1.1130434782608696,-0.6260869565217392
1761998997.119128,-3.756521739130435,1.1130434782608696,-0.48695652173913045
1761998997.1323211,-3.8260869565217392,1.2521739130434784,0.06956521739130435
1761998997.1457229,-3.965217391304348,1.6,0.20869565217391303
1761998997.1588757,-4.243478260869566,1.5304347826086957,0.20869565217391303
1761998997.1721692,-3.8956521739130436,1.6,-0.06956521739130435
1761998997.1865337,-3.8260869565217392,1.5304347826086957,-0.1391304347826087
1761998997.1997702,-3.965217391304348,1.3217391304347825,-0.41739130434782606
1761998997.212992,-3.756521739130435,0.9739130434782609,-0.6260869565217392
1761998997.226203,-3.6869565217391305,1.182608695652174,-0.48695652173913045
1761998997.2398965,-3.756521739130435,1.2521739130434784,-0.1391304347826087
1761998997.2535558,-3.8260869565217392,1.9478260869565218,0.9043478260869565
1761998997.2672167,-0.9043478260869565,2.365217391304348,3.8260869565217392
1761998997.2809255,-4.173913043478261,5.078260869565217,8.347826086956522
1761998997.29457,-3.965217391304348,0.5565217391304348,4.730434782608696
1761998997.3082376,-3.408695652173913,0.5565217391304348,2.5043478260869567
1761998997.3218865,-3.3391304347826085,2.2956521739130435,1.0434782608695652
1761998997.335526,-2.991304347826087,0.20869565217391303,-0.1391304347826087
1761998997.349225,-3.408695652173913,0.6956521739130435,-0.8347826086956521
1761998997.3628333,-3.408695652173913,0.7652173913043478,-0.34782608695652173
1761998997.376455,-3.3391304347826085,0.7652173913043478,-0.48695652173913045
1761998997.3900437,-3.2695652173913046,0.7652173913043478,-0.8347826086956521
1761998997.4048395,-3.3391304347826085,0.9043478260869565,-0.5565217391304348
1761998997.418027,-3.2,0.8347826086956521,-0.34782608695652173
1761998997.4312482,-3.2695652173913046,0.9043478260869565,-0.2782608695652174
1761998997.4446151,-3.3391304347826085,1.182608695652174,0.0
1761998997.457824,-2.9217391304347826,0.8347826086956521,0.41739130434782606
1761998997.4710371,-3.130434782608696,0.9739130434782609,0.41739130434782606
1761998997.4842916,-3.130434782608696,0.9043478260869565,0.6260869565217392
1761998997.4987676,-1.808695652173913,-0.6260869565217392,1.8782608695652174
1761998997.5125155,-0.6260869565217392,-1.1130434782608696,5.565217391304348
1761998997.5264845,0.41739130434782606,-1.6,12.660869565217391
1761998997.5404136,2.5739130434782607,-1.5304347826086957,17.669565217391305
1761998997.5542333,-1.9478260869565218,-1.808695652173913,29.704347826086956
1761998997.567822,-0.20869565217391303,1.2521739130434784,43.2
1761998997.5814648,-0.34782608695652173,1.391304347826087,48.904347826086955
1761998997.595123,4.869565217391305,-2.7130434782608694,57.530434782608694
1761998997.6086085,4.3826086956521735,-5.078260869565217,62.53913043478261
1761998997.6218617,5.426086956521739,-2.8521739130434782,64.97391304347826
1761998997.635114,0.41739130434782606,-1.0434782608695652,73.6
1761998997.6483853,-0.9739130434782609,0.48695652173913045,83.06086956521739
1761998997.6616452,-0.41739130434782606,-0.41739130434782606,89.04347826086956
1761998997.6748967,1.182608695652174,-1.182608695652174,101.14782608695653
1761998997.688176,1.4608695652173913,-3.3391304347826085,115.1304347826087
1761998997.701432,-5.773913043478261,-7.165217391304348,123.54782608695652
1761998997.7146924,5.147826086956521,-13.28695652173913,134.4695652173913
1761998997.7279463,6.747826086956522,-16.62608695652174,146.7826086956522
1761998997.7412035,-3.756521739130435,-20.8,151.51304347826087
1761998997.7544703,-0.1391304347826087,-22.330434782608695,158.2608695652174
1761998997.7677875,6.121739130434783,-18.08695652173913,165.1478260869565
1761998997.7811167,-4.173913043478261,-19.617391304347827,169.4608695652174
1761998997.7965803,5.843478260869565,-18.36521739130435,172.52173913043478
1761998997.8098161,6.539130434782609,-13.008695652173913,177.11304347826086
1761998997.8229976,-0.2782608695652174,-11.547826086956523,178.57391304347826
1761998997.8369546,6.3304347826086955,-6.817391304347826,177.6695652173913
1761998997.8501456,3.408695652173913,-2.017391304347826,180.66086956521738
1761998997.8636415,2.991304347826087,2.5043478260869567,181.91304347826087
1761998997.8768551,6.747826086956522,13.982608695652173,183.16521739130434
1761998997.8904958,0.9739130434782609,22.469565217391306,183.02608695652174
1761998997.903888,-2.1565217391304348,33.11304347826087,174.6782608695652
1761998997.9176397,5.7043478260869565,48.76521739130435,167.65217391304347
1761998997.930916,-4.521739130434782,60.45217391304348,148.03478260869565
1761998997.9447637,-7.51304347826087,64.20869565217392,128.1391304347826
1761998997.9579701,-56.48695652173913,30.678260869565218,113.87826086956522
1761998997.971165,-5.565217391304348,-8.417391304347825,80.76521739130435
1761998997.984371,14.4,-57.947826086956525,91.2
1761998997.9976013,-13.91304347826087,2.226086956521739,86.05217391304348
1761998998.0108056,-18.782608695652176,6.886956521739131,70.6086956521739
1761998998.0241904,3.965217391304348,2.8521739130434782,57.04347826086956
1761998998.0374434,-4.660869565217391,-4.521739130434782,47.44347826086957
1761998998.0506752,-6.956521739130435,5.356521739130435,39.65217391304348
1761998998.063894,-5.147826086956521,-2.5043478260869567,35.06086956521739
1761998998.07737,-4.939130434782609,0.2782608695652174,25.321739130434782
1761998998.0906394,-4.243478260869566,-0.9739130434782609,17.73913043478261
1761998998.105432,-0.8347826086956521,0.41739130434782606,14.4
1761998998.1186488,-2.9217391304347826,1.182608695652174,9.460869565217392
1761998998.1323085,-3.6869565217391305,0.34782608695652173,3.2
1761998998.1456282,-2.7130434782608694,0.5565217391304348,-1.0434782608695652
1761998998.1589508,-3.4782608695652173,0.5565217391304348,-2.4347826086956523
1761998998.1722193,-2.991304347826087,0.34782608695652173,-2.1565217391304348
1761998998.185572,-3.8260869565217392,0.48695652173913045,-2.7130434782608694
1761998998.1988037,-3.8260869565217392,0.9043478260869565,-3.617391304347826
1761998998.2120397,-5.008695652173913,1.1130434782608696,-5.495652173913044
1761998998.2252915,-5.6347826086956525,1.6695652173913043,-5.913043478260869
1761998998.2385445,-5.008695652173913,2.017391304347826,-5.6347826086956525
1761998998.2518592,-4.034782608695652,0.9739130434782609,-3.408695652173913
1761998998.2656639,-3.4782608695652173,0.6260869565217392,-1.5304347826086957
1761998998.2793777,-3.8956521739130436,1.4608695652173913,0.0
1761998998.292914,-3.4782608695652173,0.7652173913043478,-1.391304347826087
1761998998.3061202,-3.4782608695652173,1.0434782608695652,-0.6260869565217392
1761998998.319555,-3.408695652173913,0.9739130434782609,-0.5565217391304348
1761998998.3327436,-3.4782608695652173,0.7652173913043478,-0.5565217391304348
1761998998.3458831,-3.3391304347826085,0.9739130434782609,-0.41739130434782606
1761998998.3590329,-3.2695652173913046,1.182608695652174,-0.1391304347826087
1761998998.3723338,-3.5478260869565217,1.0434782608695652,-0.2782608695652174
1761998998.3854928,-3.408695652173913,0.9739130434782609,-0.34782608695652173
1761998998.3990722,-3.4782608695652173,0.9739130434782609,-0.20869565217391303
1761998998.414321,-3.3391304347826085,0.9739130434782609,-0.34782608695652173
1761998998.4277449,-3.2695652173913046,1.0434782608695652,-0.7652173913043478
1761998998.4418988,-3.2,0.9739130434782609,-0.6260869565217392
1761998998.4555576,-3.2695652173913046,0.34782608695652173,0.41739130434782606
1761998998.4692636,-3.617391304347826,1.4608695652173913,-0.7652173913043478
1761998998.4838526,-3.408695652173913,0.9043478260869565,-0.8347826086956521
1761998998.4982927,-3.4782608695652173,0.9043478260869565,-0.6956521739130435
1761998998.5151386,-3.4782608695652173,0.7652173913043478,-1.1130434782608696
1761998998.528849,-3.4782608695652173,0.6956521739130435,-1.0434782608695652
1761998998.5425131,-3.5478260869565217,0.7652173913043478,-1.1130434782608696
1761998998.5556993,-3.408695652173913,0.7652173913043478,-1.6695652173913043
1761998998.5699906,-3.2,0.34782608695652173,-1.9478260869565218
1761998998.583173,-3.2,0.06956521739130435,-2.782608695652174
1761998998.5963762,-3.8956521739130436,1.182608695652174,-6.4
1761998998.609542,-1.1130434782608696,-1.3217391304347825,-8.765217391304347
1761998998.6231394,0.1391304347826087,-1.808695652173913,-12.869565217391305
1761998998.6363354,-1.2521739130434784,-1.9478260869565218,-16.069565217391304
1761998998.650902,-6.260869565217392,0.6956521739130435,-17.669565217391305
1761998998.6641614,-7.443478260869565,-1.2521739130434784,-20.243478260869566
1761998998.6777132,-2.7130434782608694,-2.9217391304347826,-23.16521739130435
1761998998.6912432,-0.34782608695652173,-1.8782608695652174,-24.765217391304347
1761998998.7051108,-1.7391304347826086,-0.48695652173913045,-29.843478260869563
1761998998.7189543,-1.5304347826086957,-0.7652173913043478,-36.31304347826087
1761998998.7328367,-2.017391304347826,3.3391304347826085,-39.93043478260869
1761998998.7464046,1.6695652173913043,-4.521739130434782,-42.504347826086956
1761998998.760077,0.9739130434782609,-10.921739130434782,-50.504347826086956
1761998998.7736294,-1.182608695652174,-16.0,-64.0
1761998998.7876384,-2.991304347826087,-18.921739130434784,-70.4695652173913
1761998998.802288,-11.617391304347827,-29.982608695652175,-81.32173913043478
1761998998.816223,-4.8,-28.93913043478261,-91.2695652173913
1761998998.829755,0.34782608695652173,-29.078260869565216,-98.57391304347826
1761998998.8434715,-12.8,-34.573913043478264,-104.0
1761998998.8567271,-7.234782608695652,-27.547826086956523,-116.03478260869565
1761998998.8701732,-3.8260869565217392,-19.895652173913042,-127.86086956521739
1761998998.8833876,-14.678260869565218,-24.069565217391304,-133.98260869565217
1761998998.8966603,-12.173913043478262,-12.591304347826087,-147.96521739130435
1761998998.909878,-7.930434782608696,-13.843478260869565,-158.7478260869565
1761998998.9230967,-16.83478260869565,-6.817391304347826,-161.7391304347826
1761998998.9363544,-13.91304347826087,0.06956521739130435,-166.6086956521739
1761998998.9495757,-11.617391304347827,1.2521739130434784,-168.41739130434783
1761998998.9627912,-14.747826086956522,7.51304347826087,-168.76521739130436
1761998998.976014,-11.965217391304348,10.57391304347826,-167.65217391304347
1761998998.9896824,-14.191304347826087,12.521739130434783,-164.9391304347826
1761998999.0033662,-11.895652173913044,12.869565217391305,-158.2608695652174
1761998999.0170596,-9.808695652173913,7.095652173913043,-151.09565217391304
1761998999.030679,-12.8,8.765217391304347,-143.09565217391304
1761998999.044551,-11.130434782608695,7.304347826086956,-138.8521739130435
1761998999.0582135,-9.043478260869565,8.208695652173914,-129.04347826086956
1761998999.071841,-11.826086956521738,14.88695652173913,-119.30434782608695
1761998999.0855036,-7.165217391304348,16.556521739130435,-114.43478260869566
1761998999.0991478,-6.886956521739131,20.591304347826085,-104.27826086956522
1761998999.1128526,-9.11304347826087,33.80869565217391,-97.11304347826086
1761998999.1264665,-3.756521739130435,34.99130434782609,-89.80869565217391
1761998999.1401052,-2.7130434782608694,45.00869565217391,-86.4695652173913
1761998999.1537216,-24.765217391304347,51.54782608695652,-72.20869565217392
1761998999.1673439,-34.504347826086956,-23.026086956521738,-56.13913043478261
1761998999.1810298,3.5478260869565217,-0.41739130434782606,-57.73913043478261
1761998999.1947515,-3.756521739130435,13.91304347826087,-51.68695652173913
1761998999.207983,6.608695652173913,4.243478260869566,-54.53913043478261
1761998999.2211971,-3.3391304347826085,-0.9043478260869565,-51.47826086956522
1761998999.2344422,-6.817391304347826,2.226086956521739,-39.23478260869565
1761998999.2478378,0.20869565217391303,-2.4347826086956523,-29.14782608695652
1761998999.261112,-3.8956521739130436,-0.20869565217391303,-24.069565217391304
1761998999.2743554,-6.539130434782609,5.008695652173913,-14.678260869565218
1761998999.287568,-7.860869565217391,1.2521739130434784,-6.956521739130435
1761998999.300823,-9.6,4.521739130434782,-4.034782608695652
1761998999.314042,-4.521739130434782,1.9478260869565218,-0.6956521739130435
1761998999.3272665,-4.730434782608696,0.48695652173913045,0.6260869565217392
1761998999.340486,-4.730434782608696,1.6,0.48695652173913045
1761998999.3537042,-5.843478260869565,1.8782608695652174,0.20869565217391303
1761998999.3673122,-4.591304347826087,1.391304347826087,0.2782608695652174
1761998999.3809793,-4.104347826086957,1.0434782608695652,-0.06956521739130435
1761998999.3945622,-3.8260869565217392,1.3217391304347825,-0.6260869565217392
1761998999.4082334,-3.965217391304348,1.4608695652173913,-0.06956521739130435
1761998999.4218333,-4.034782608695652,1.4608695652173913,0.41739130434782606
1761998999.4354684,-4.521739130434782,1.9478260869565218,1.1130434782608696
1761998999.4491506,-4.521739130434782,1.8782608695652174,1.6
1761998999.4627607,-3.8956521739130436,1.9478260869565218,2.365217391304348
1761998999.4766726,-2.017391304347826,0.9739130434782609,1.5304347826086957
1761998999.489899,-4.173913043478261,0.6956521739130435,0.1391304347826087
1761998999.5030835,-3.130434782608696,0.9739130434782609,0.06956521739130435
1761998999.5162454,-3.4782608695652173,2.017391304347826,0.8347826086956521
1761998999.5293896,-3.3391304347826085,0.7652173913043478,0.34782608695652173
1761998999.542571,-3.756521739130435,1.2521739130434784,0.0
1761998999.5562518,-3.617391304347826,1.0434782608695652,-0.7652173913043478
1761998999.5694408,-3.756521739130435,0.9739130434782609,-0.8347826086956521
1761998999.5825934,-3.6869565217391305,0.8347826086956521,-1.1130434782608696
1761998999.5957425,-3.756521739130435,0.6260869565217392,-1.4608695652173913
1761998999.6088874,-3.617391304347826,0.5565217391304348,-1.4608695652173913
1761998999.6220338,-3.6869565217391305,0.6260869565217392,-1.391304347826087
1761998999.635207,-3.756521739130435,1.0434782608695652,-1.2521739130434784
1761998999.6505952,-3.617391304347826,1.5304347826086957,-1.808695652173913
1761998999.6643012,-3.965217391304348,1.0434782608695652,-2.1565217391304348
1761998999.6780436,-3.965217391304348,1.182608695652174,-2.226086956521739
1761998999.6917117,-3.617391304347826,1.0434782608695652,-2.8521739130434782
1761998999.705331,-3.3391304347826085,1.1130434782608696,-2.8521739130434782
1761998999.7185872,-3.965217391304348,0.34782608695652173,-4.243478260869566
1761998999.7318468,-3.2,-0.20869565217391303,-6.539130434782609
1761998999.7451072,-4.3826086956521735,-1.3217391304347825,-10.017391304347827
1761998999.758357,-2.8521739130434782,-0.8347826086956521,-14.4
1761998999.7716131,-0.9739130434782609,-1.1130434782608696,-18.643478260869564
1761998999.785123,0.1391304347826087,-2.4347826086956523,-20.31304347826087
1761998999.7984412,-0.2782608695652174,-0.5565217391304348,-22.330434782608695
1761998999.8117256,-1.2521739130434784,-2.7130434782608694,-25.391304347826086
1761998999.8249865,-2.4347826086956523,0.6956521739130435,-26.36521739130435
1761998999.8382447,-2.991304347826087,1.8782608695652174,-28.104347826086958
1761998999.8515148,-3.2,0.9043478260869565,-26.85217391304348
1761998999.865182,-3.4782608695652173,0.8347826086956521,-26.295652173913044
1761998999.878772,-3.2695652173913046,0.0,-23.443478260869565
1761998999.8923542,-5.008695652173913,3.130434782608696,-20.869565217391305
1761998999.9059637,-6.3304347826086955,1.6,-18.643478260869564
1761998999.9195788,-6.191304347826087,-0.5565217391304348,-15.582608695652175
1761998999.9336228,-5.217391304347826,2.365217391304348,-11.339130434782609
1761998999.947294,-4.591304347826087,1.6695652173913043,-8.278260869565218
1761998999.9610987,-4.3826086956521735,1.3217391304347825,-6.539130434782609
1761998999.9755483,-3.965217391304348,1.0434782608695652,-5.6347826086956525
1761998999.9896636,-3.4782608695652173,0.5565217391304348,-3.408695652173913
1761999000.0037467,-2.8521739130434782,1.6,-0.7652173913043478
1761999000.0171525,-3.617391304347826,1.6,0.0
1761999000.0307622,-3.8260869565217392,1.6695652173913043,1.182608695652174
1761999000.0443606,-2.8521739130434782,1.6695652173913043,2.365217391304348
1761999000.0586214,-0.7652173913043478,0.48695652173913045,3.2
1761999000.0724428,-1.8782608695652174,1.6,5.217391304347826
1761999000.0858982,-1.391304347826087,1.0434782608695652,6.4
1761999000.099362,0.0,-1.2521739130434784,7.6521739130434785
1761999000.1133392,2.9217391304347826,-4.8,11.68695652173913
1761999000.127546,0.8347826086956521,0.7652173913043478,17.321739130434782
1761999000.1414506,3.130434782608696,-4.3826086956521735,25.73913043478261
1761999000.1557755,4.3826086956521735,-2.5739130434782607,31.443478260869565
1761999000.1692019,3.965217391304348,-2.365217391304348,45.14782608695652
1761999000.1829271,1.8782608695652174,-3.617391304347826,59.54782608695652
1761999000.1963372,-3.5478260869565217,-2.643478260869565,70.33043478260869
1761999000.2102015,-2.4347826086956523,2.991304347826087,73.25217391304348
1761999000.2247627,-7.165217391304348,9.321739130434782,79.79130434782608
1761999000.2380672,-11.68695652173913,9.391304347826088,86.4695652173913
1761999000.2512608,-11.895652173913044,8.069565217391304,88.62608695652175
1761999000.264788,-8.069565217391304,3.756521739130435,93.35652173913043
1761999000.2782106,-5.913043478260869,2.1565217391304348,100.59130434782608
1761999000.2914422,-3.617391304347826,1.0434782608695652,107.2695652173913
1761999000.3046994,-4.869565217391305,3.3391304347826085,122.08695652173913
1761999000.3181396,-2.4347826086956523,2.017391304347826,134.5391304347826
1761999000.3313792,-5.773913043478261,3.617391304347826,139.33913043478262
1761999000.344649,-2.782608695652174,3.8956521739130436,143.7913043478261
1761999000.3578937,-2.365217391304348,0.8347826086956521,146.71304347826086
1761999000.3711112,-1.1130434782608696,0.8347826086956521,147.47826086956522
1761999000.3843448,2.365217391304348,-2.9217391304347826,146.43478260869566
1761999000.3976035,-1.0434782608695652,-1.391304347826087,144.27826086956523
1761999000.4108849,2.5043478260869567,0.06956521739130435,143.23478260869564
1761999000.4241543,-1.0434782608695652,0.9739130434782609,145.18260869565216
1761999000.437367,-2.8521739130434782,3.8260869565217392,145.94782608695652
1761999000.450575,-4.452173913043478,3.0608695652173914,151.02608695652174
1761999000.463781,-5.28695652173913,5.008695652173913,156.66086956521738
1761999000.4783397,-6.121739130434783,3.617391304347826,161.3217391304348
1761999000.4922726,-5.495652173913044,3.3391304347826085,163.54782608695652
1761999000.506061,-6.608695652173913,3.408695652173913,165.1478260869565
1761999000.5197785,-3.8956521739130436,2.4347826086956523,165.1478260869565
1761999000.5330114,-5.913043478260869,5.217391304347826,164.52173913043478
1761999000.5463123,-4.243478260869566,3.8260869565217392,161.7391304347826
1761999000.5596313,-4.243478260869566,3.965217391304348,158.2608695652174
1761999000.5734062,-8.0,4.591304347826087,155.33913043478262
1761999000.5870755,-5.913043478260869,4.3826086956521735,145.87826086956522
1761999000.6008823,-7.165217391304348,6.260869565217392,135.16521739130434
1761999000.614351,-7.165217391304348,5.7043478260869565,127.37391304347825
1761999000.627581,-6.539130434782609,7.6521739130434785,112.0
1761999000.641232,-5.495652173913044,0.48695652173913045,95.65217391304348
1761999000.6544645,-3.8260869565217392,4.591304347826087,87.51304347826087
1761999000.6679158,-3.408695652173913,3.8956521739130436,69.98260869565217
1761999000.681219,-4.104347826086957,1.808695652173913,49.6
1761999000.694499,-4.939130434782609,2.4347826086956523,39.30434782608695
1761999000.7080934,-5.28695652173913,2.7130434782608694,19.2
1761999000.7218485,-4.173913043478261,1.6695652173913043,1.1130434782608696
1761999000.7351708,-4.452173913043478,-0.2782608695652174,-5.426086956521739
1761999000.7484365,-3.0608695652173914,0.06956521739130435,-2.9217391304347826
1761999000.7617104,-3.617391304347826,0.9043478260869565,-1.5304347826086957
1761999000.7749727,-4.034782608695652,0.0,-2.7130434782608694
1761999000.7882657,-4.034782608695652,1.2521739130434784,-2.782608695652174
1761999000.8021617,-3.4782608695652173,1.182608695652174,-0.9739130434782609
1761999000.8153555,-3.617391304347826,1.0434782608695652,-0.6260869565217392
1761999000.8292468,-3.3391304347826085,1.0434782608695652,-1.182608695652174
1761999000.8437898,-3.756521739130435,0.6956521739130435,-1.1130434782608696
1761999000.8585887,-3.4782608695652173,1.182608695652174,-0.48695652173913045
1761999000.8731384,-3.408695652173913,0.9739130434782609,0.0
1761999000.8863387,-3.408695652173913,1.0434782608695652,-0.20869565217391303
1761999000.8995783,-3.408695652173913,1.391304347826087,-0.41739130434782606
1761999000.912838,-3.130434782608696,1.2521739130434784,-0.06956521739130435
1761999000.926272,-3.408695652173913,0.8347826086956521,0.0
1761999000.9394703,-3.408695652173913,0.8347826086956521,-0.34782608695652173
1761999000.9527278,-3.408695652173913,0.9043478260869565,-0.6956521739130435
1761999000.966426,-3.3391304347826085,0.8347826086956521,-0.6260869565217392
1761999000.9800732,-3.3391304347826085,0.9043478260869565,-0.9739130434782609
1761999000.9938533,-3.408695652173913,0.6956521739130435,-1.0434782608695652
1761999001.0076025,-3.408695652173913,0.7652173913043478,-0.9739130434782609
1761999001.0221245,-3.408695652173913,0.9043478260869565,-0.7652173913043478
1761999001.0358052,-3.408695652173913,0.9043478260869565,-1.0434782608695652
1761999001.0500603,-3.2695652173913046,0.6260869565217392,-1.0434782608695652
1761999001.0637317,-3.3391304347826085,0.48695652173913045,-1.182608695652174
1761999001.0776005,-3.617391304347826,0.9739130434782609,-1.9478260869565218
1761999001.0908213,-3.130434782608696,-0.1391304347826087,-4.939130434782609
1761999001.10481,-4.8,1.2521739130434784,-6.4
1761999001.118124,-1.4608695652173913,-2.4347826086956523,-10.156521739130435
1761999001.1318202,-2.365217391304348,-1.7391304347826086,-9.808695652173913
1761999001.1454,-2.782608695652174,-0.06956521739130435,-14.26086956521739
1761999001.1590283,-2.643478260869565,-1.391304347826087,-15.721739130434782
1761999001.1727302,-3.6869565217391305,-1.391304347826087,-17.6
1761999001.1870542,-3.408695652173913,2.0869565217391304,-18.921739130434784
1761999001.2008038,-3.8956521739130436,2.0869565217391304,-19.269565217391303
1761999001.214521,-2.643478260869565,-0.41739130434782606,-22.747826086956522
1761999001.228614,-2.226086956521739,-0.7652173913043478,-31.652173913043477
1761999001.2426991,0.48695652173913045,0.5565217391304348,-42.15652173913043
1761999001.256368,-2.226086956521739,-2.226086956521739,-46.95652173913044
1761999001.270007,-3.4782608695652173,-0.5565217391304348,-58.573913043478264
1761999001.283645,-1.7391304347826086,-2.8521739130434782,-73.25217391304348
1761999001.297341,3.3391304347826085,-3.130434782608696,-80.76521739130435
1761999001.3109915,-0.8347826086956521,-10.295652173913043,-100.45217391304348
1761999001.3246694,1.0434782608695652,-14.191304347826087,-120.69565217391305
1761999001.3382897,-4.730434782608696,-12.31304347826087,-127.58260869565217
1761999001.351934,-9.391304347826088,-16.556521739130435,-142.6782608695652
1761999001.367234,0.20869565217391303,-8.417391304347825,-157.98260869565217
1761999001.3805363,-8.278260869565218,-4.869565217391305,-171.40869565217392
1761999001.394126,-8.069565217391304,-3.130434782608696,-178.15652173913043
1761999001.4078386,-1.4608695652173913,5.147826086956521,-189.35652173913044
1761999001.421522,-7.791304347826087,13.42608695652174,-195.68695652173912
1761999001.4351757,-5.495652173913044,14.052173913043479,-200.62608695652173
1761999001.4488707,-9.460869565217392,13.634782608695652,-198.88695652173914
1761999001.462483,-11.060869565217391,12.382608695652173,-195.61739130434782
1761999001.476598,-11.478260869565217,2.7130434782608694,-189.70434782608694
1761999001.4907174,1.4608695652173913,-4.8,-188.10434782608695
1761999001.5044117,2.7130434782608694,-1.808695652173913,-183.7913043478261
1761999001.5186584,-3.0608695652173914,1.2521739130434784,-179.26956521739132
1761999001.532402,-9.182608695652174,4.730434782608696,-167.8608695652174
1761999001.5460813,-1.6695652173913043,-2.365217391304348,-163.47826086956522
1761999001.5597408,-1.3217391304347825,-1.5304347826086957,-148.8695652173913
1761999001.5734613,-0.7652173913043478,-2.8521739130434782,-135.8608695652174
1761999001.5872428,-0.9739130434782609,-0.6260869565217392,-129.6695652173913
1761999001.60094,-0.9043478260869565,-3.130434782608696,-117.70434782608696
1761999001.6146195,-3.756521739130435,0.8347826086956521,-105.80869565217391
1761999001.6282916,-3.0608695652173914,1.808695652173913,-93.56521739130434
1761999001.6419601,-7.791304347826087,1.808695652173913,-88.55652173913043
1761999001.655635,-5.6347826086956525,-1.2521739130434784,-79.30434782608695
1761999001.6693404,-7.165217391304348,1.8782608695652174,-72.90434782608696
1761999001.6829808,-5.495652173913044,2.365217391304348,-69.91304347826087
1761999001.6966352,-6.191304347826087,2.991304347826087,-63.93043478260869
1761999001.7102432,-8.139130434782608,3.408695652173913,-53.91304347826087
1761999001.723947,-5.6347826086956525,1.9478260869565218,-49.04347826086956
1761999001.737753,-6.052173913043478,2.226086956521739,-38.608695652173914
1761999001.75247,-2.2956521739130435,0.8347826086956521,-29.495652173913044
1761999001.7661939,-4.243478260869566,1.6695652173913043,-23.930434782608696
1761999001.7799265,-1.8782608695652174,0.8347826086956521,-24.278260869565216
1761999001.7962878,-2.0869565217391304,-0.7652173913043478,-22.817391304347826
1761999001.8097265,-1.8782608695652174,-1.4608695652173913,-22.121739130434783
1761999001.823306,-4.243478260869566,-0.06956521739130435,-20.452173913043477
1761999001.837377,-5.078260869565217,3.408695652173913,-17.46086956521739
1761999001.8518827,-5.913043478260869,2.643478260869565,-16.347826086956523
1761999001.8652344,-6.052173913043478,3.756521739130435,-15.652173913043478
1761999001.8791823,-4.521739130434782,2.5739130434782607,-11.756521739130434
1761999001.8924274,-3.5478260869565217,-0.6260869565217392,-8.904347826086957
1761999001.905787,-4.730434782608696,2.643478260869565,-7.791304347826087
1761999001.9189904,-5.008695652173913,1.5304347826086957,-1.6
1761999001.9321735,-5.28695652173913,0.9043478260869565,1.391304347826087
1761999001.9454372,-3.2,2.9217391304347826,2.0869565217391304
1761999001.9586537,-2.643478260869565,2.9217391304347826,3.408695652173913
1761999001.9718323,-2.0869565217391304,1.7391304347826086,2.9217391304347826
1761999001.9850993,-3.130434782608696,1.5304347826086957,1.391304347826087
1761999001.9982998,-3.0608695652173914,1.3217391304347825,0.34782608695652173
1761999002.011497,-3.2695652173913046,1.2521739130434784,0.5565217391304348
1761999002.0247757,-3.130434782608696,1.391304347826087,1.182608695652174
1761999002.0379884,-3.408695652173913,1.5304347826086957,0.6956521739130435
1761999002.0512016,-3.3391304347826085,0.9739130434782609,0.34782608695652173
1761999002.064419,-3.130434782608696,1.182608695652174,0.7652173913043478
1761999002.077632,-3.3391304347826085,1.3217391304347825,1.182608695652174
1761999002.0914497,-3.3391304347826085,1.2521739130434784,1.182608695652174
1761999002.1047091,-3.2695652173913046,1.2521739130434784,1.182608695652174
1761999002.1178708,-3.3391304347826085,1.3217391304347825,1.1130434782608696
1761999002.1310444,-3.2,1.391304347826087,1.3217391304347825
1761999002.1441941,-3.130434782608696,0.0,2.7130434782608694
1761999002.1573458,-2.9217391304347826,0.9043478260869565,4.3130434782608695
1761999002.1704946,-0.9739130434782609,-0.9739130434782609,8.278260869565218
1761999002.1836326,-0.2782608695652174,-0.6956521739130435,14.330434782608696
1761999002.19684,2.4347826086956523,-3.3391304347826085,19.408695652173915
1761999002.210065,2.1565217391304348,-3.617391304347826,29.356521739130436
1761999002.2231996,-3.6869565217391305,0.20869565217391303,42.29565217391304
1761999002.2363367,-7.373913043478261,1.808695652173913,46.74782608695652
1761999002.2495155,-3.4782608695652173,2.5739130434782607,49.6
1761999002.2626803,-1.7391304347826086,-0.20869565217391303,51.06086956521739
1761999002.2758317,-3.617391304347826,0.0,55.37391304347826
1761999002.2889643,-3.756521739130435,2.8521739130434782,63.65217391304348
1761999002.3021352,-6.3304347826086955,1.7391304347826086,68.7304347826087
1761999002.3153036,-1.9478260869565218,-1.808695652173913,77.63478260869566
1761999002.32845,-4.104347826086957,0.9043478260869565,88.34782608695652
1761999002.3416302,-2.4347826086956523,0.2782608695652174,91.1304347826087
1761999002.3566134,-4.034782608695652,1.3217391304347825,101.49565217391304
1761999002.370253,-2.226086956521739,1.7391304347826086,108.10434782608695
1761999002.3839822,-2.782608695652174,-0.06956521739130435,113.11304347826086
1761999002.3976965,1.2521739130434784,-2.1565217391304348,120.20869565217392
1761999002.4113705,2.991304347826087,-4.104347826086957,128.0695652173913
1761999002.4250977,4.939130434782609,-4.104347826086957,133.63478260869564
1761999002.4387696,2.991304347826087,-3.5478260869565217,138.36521739130436
1761999002.4524765,1.4608695652173913,-1.3217391304347825,150.12173913043478
1761999002.466171,-4.104347826086957,3.130434782608696,166.6782608695652
1761999002.479828,-6.4,6.052173913043478,173.35652173913044
1761999002.4935262,-12.591304347826087,12.452173913043477,187.54782608695652
1761999002.507185,-13.147826086956522,12.382608695652173,194.9217391304348
1761999002.5209155,-10.991304347826087,11.965217391304348,198.6086956521739
1761999002.5350828,-6.817391304347826,5.6347826086956525,197.2173913043478
1761999002.5487902,-6.121739130434783,2.991304347826087,191.09565217391304
1761999002.5624695,-1.391304347826087,3.5478260869565217,180.45217391304348
1761999002.576153,-0.9739130434782609,4.660869565217391,175.02608695652174
1761999002.5897892,-7.095652173913043,5.982608695652174,166.4695652173913
1761999002.6035063,-11.130434782608695,7.026086956521739,153.3217391304348
1761999002.617242,0.8347826086956521,1.6,138.43478260869566
1761999002.6309102,0.0,2.9217391304347826,131.75652173913045
1761999002.6446366,-1.5304347826086957,2.643478260869565,120.0
1761999002.6584811,-5.356521739130435,0.8347826086956521,105.94782608695652
1761999002.6722043,-2.9217391304347826,0.2782608695652174,99.06086956521739
1761999002.6859844,-3.0608695652173914,2.5043478260869567,85.70434782608696
1761999002.6996999,-1.2521739130434784,0.9739130434782609,69.91304347826087
1761999002.7135444,-5.147826086956521,-0.34782608695652173,54.052173913043475
1761999002.726976,-3.6869565217391305,2.5043478260869567,46.469565217391306
1761999002.7401335,-3.965217391304348,1.391304347826087,27.82608695652174
1761999002.753555,-3.130434782608696,0.20869565217391303,17.808695652173913
1761999002.766743,-4.869565217391305,1.9478260869565218,0.6260869565217392
1761999002.7810667,-3.617391304347826,-0.8347826086956521,-6.956521739130435
1761999002.794267,-2.991304347826087,0.34782608695652173,-0.34782608695652173
1761999002.807472,-2.7130434782608694,1.8782608695652174,0.20869565217391303
1761999002.821401,-3.5478260869565217,0.1391304347826087,-3.130434782608696
1761999002.8346014,-3.965217391304348,0.7652173913043478,-3.6869565217391305
1761999002.8479824,-5.078260869565217,1.2521739130434784,-3.756521739130435
1761999002.8611777,-3.8260869565217392,0.6956521739130435,-3.8260869565217392
1761999002.8743463,-2.5739130434782607,0.6260869565217392,-2.782608695652174
1761999002.887909,-2.9217391304347826,0.5565217391304348,-1.1130434782608696
1761999002.9011202,-2.8521739130434782,0.6956521739130435,-1.6
1761999002.914312,-3.2,0.48695652173913045,-2.226086956521739
1761999002.9275837,-3.4782608695652173,1.1130434782608696,-2.9217391304347826
1761999002.9423559,-4.173913043478261,1.0434782608695652,-2.5739130434782607
1761999002.9555607,-3.8956521739130436,0.9043478260869565,-2.226086956521739
1761999002.9691472,-3.617391304347826,1.1130434782608696,-1.3217391304347825
1761999003.0102737,-3.408695652173913,0.7652173913043478,-1.3217391304347825
1761999003.0247781,-3.4782608695652173,0.6956521739130435,-0.9739130434782609
1761999003.0385683,-3.4782608695652173,0.9043478260869565,-1.182608695652174
1761999003.0520875,-3.4782608695652173,1.1130434782608696,-1.3217391304347825
1761999003.065698,-3.408695652173913,0.6956521739130435,-1.7391304347826086
1761999003.0794885,-2.226086956521739,-0.9043478260869565,-4.591304347826087
1761999003.0934057,-1.4608695652173913,-0.41739130434782606,-8.139130434782608
1761999003.1075673,-3.4782608695652173,1.4608695652173913,-10.852173913043478
1761999003.1211302,-3.756521739130435,0.6260869565217392,-16.0
1761999003.1346858,-3.0608695652173914,-0.20869565217391303,-21.217391304347824
1761999003.1482525,-3.756521739130435,0.06956521739130435,-28.730434782608697
1761999003.1616714,-0.34782608695652173,-5.565217391304348,-33.73913043478261
1761999003.1755874,5.217391304347826,-8.139130434782608,-40.904347826086955
1761999003.191422,3.965217391304348,-6.4,-54.19130434782609
1761999003.2050722,7.51304347826087,-7.582608695652174,-68.38260869565218
1761999003.2187493,-7.234782608695652,-2.8521739130434782,-75.06086956521739
1761999003.2323434,-9.6,6.608695652173913,-89.32173913043478
1761999003.2457051,-5.982608695652174,10.504347826086956,-101.14782608695653
1761999003.2589936,-15.582608695652175,8.069565217391304,-108.52173913043478
1761999003.2722623,-1.391304347826087,1.6,-117.77391304347826
1761999003.2855184,2.017391304347826,-1.0434782608695652,-122.08695652173913
1761999003.2987843,-2.8521739130434782,-1.2521739130434784,-124.8
1761999003.3120558,0.34782608695652173,-1.1130434782608696,-130.7826086956522
1761999003.3253264,-1.9478260869565218,-3.8956521739130436,-136.90434782608696
1761999003.338596,-1.391304347826087,-2.0869565217391304,-138.9913043478261
1761999003.3522677,-2.4347826086956523,-2.9217391304347826,-144.62608695652173
1761999003.3660848,-7.582608695652174,1.9478260869565218,-147.68695652173912
1761999003.379339,-6.678260869565217,1.3217391304347825,-147.54782608695652
1761999003.3925998,-4.3130434782608695,1.182608695652174,-147.68695652173912
1761999003.4058824,-3.3391304347826085,0.7652173913043478,-150.6782608695652
1761999003.4190624,-1.7391304347826086,-1.391304347826087,-153.3217391304348
1761999003.4322796,-3.6869565217391305,-1.6,-160.90434782608696
1761999003.4455204,-1.4608695652173913,-1.2521739130434784,-170.36521739130436
1761999003.4587367,-3.617391304347826,0.8347826086956521,-175.72173913043477
1761999003.4729662,-5.28695652173913,1.0434782608695652,-180.52173913043478
1761999003.4861755,-5.147826086956521,-1.2521739130434784,-180.8695652173913
1761999003.499341,-2.5043478260869567,1.3217391304347825,-178.8521739130435
1761999003.5126169,-1.4608695652173913,1.4608695652173913,-169.04347826086956
1761999003.5262854,-5.773913043478261,-0.6956521739130435,-154.50434782608696
1761999003.539489,-6.747826086956522,4.939130434782609,-145.94782608695652
1761999003.5529377,-7.791304347826087,3.6869565217391305,-124.7304347826087
1761999003.5666914,-8.556521739130435,2.7130434782608694,-102.74782608695652
1761999003.5801501,-3.130434782608696,2.7130434782608694,-92.8
1761999003.5944946,-6.956521739130435,1.2521739130434784,-73.25217391304348
1761999003.6083014,-5.982608695652174,-2.8521739130434782,-59.130434782608695
1761999003.621496,-6.886956521739131,3.408695652173913,-51.54782608695652
1761999003.6347866,-7.095652173913043,3.2,-37.77391304347826
1761999003.648311,-1.3217391304347825,0.20869565217391303,-26.991304347826087
1761999003.6629283,-8.069565217391304,0.06956521739130435,-19.895652173913042
1761999003.6762197,-2.5043478260869567,1.5304347826086957,-16.904347826086955
1761999003.689515,-4.3826086956521735,-2.4347826086956523,-12.869565217391305
1761999003.703187,-3.756521739130435,3.8956521739130436,-11.339130434782609
1761999003.7168667,-0.9739130434782609,3.6869565217391305,-7.6521739130434785
1761999003.7311187,-5.356521739130435,1.182608695652174,-7.373913043478261
1761999003.7446716,-4.591304347826087,0.2782608695652174,-5.6347826086956525
1761999003.7589898,-4.8,1.8782608695652174,-4.104347826086957
1761999003.7727604,-2.1565217391304348,0.48695652173913045,-3.0608695652173914
1761999003.7860022,-2.8521739130434782,-0.06956521739130435,-2.991304347826087
1761999003.7996416,-3.756521739130435,0.9739130434782609,-2.1565217391304348
1761999003.812886,-5.217391304347826,1.8782608695652174,-1.6
1761999003.8293648,-4.869565217391305,2.226086956521739,-1.8782608695652174
1761999003.8429406,-3.408695652173913,0.6956521739130435,-3.2695652173913046
1761999003.8565493,-3.3391304347826085,0.5565217391304348,-4.104347826086957
1761999003.8704476,-3.5478260869565217,0.8347826086956521,-3.8956521739130436
1761999003.8839798,-3.5478260869565217,0.9043478260869565,-2.2956521739130435
1761999003.8984182,-3.756521739130435,1.6,-0.2782608695652174
1761999003.9124467,-3.965217391304348,1.6695652173913043,0.2782608695652174
1761999003.926084,-3.6869565217391305,0.9739130434782609,-0.06956521739130435
1761999003.945356,-3.4782608695652173,1.2521739130434784,0.41739130434782606
1761999003.9591043,-3.2695652173913046,0.9739130434782609,0.5565217391304348
1761999003.9727156,-2.991304347826087,1.391304347826087,0.5565217391304348
1761999003.986577,-2.5739130434782607,1.182608695652174,1.6
1761999004.0000496,-2.643478260869565,1.391304347826087,2.4347826086956523
1761999004.0139048,-3.4782608695652173,3.5478260869565217,4.939130434782609
1761999004.0278594,-4.104347826086957,3.5478260869565217,8.347826086956522
1761999004.0420418,-3.2695652173913046,-1.1130434782608696,6.817391304347826
1761999004.0554135,-2.4347826086956523,0.34782608695652173,5.773913043478261
1761999004.069423,-3.8260869565217392,2.017391304347826,4.034782608695652
1761999004.08316,-3.130434782608696,1.0434782608695652,3.8956521739130436
1761999004.098204,-3.8956521739130436,0.5565217391304348,3.3391304347826085
1761999004.111421,-3.4782608695652173,1.2521739130434784,3.130434782608696
1761999004.1250603,-2.9217391304347826,0.2782608695652174,3.4782608695652173
1761999004.138262,-3.5478260869565217,0.34782608695652173,3.617391304347826
1761999004.1517763,-3.130434782608696,-0.48695652173913045,4.173913043478261
1761999004.165064,-2.991304347826087,1.391304347826087,5.217391304347826
1761999004.178374,-3.3391304347826085,0.06956521739130435,6.4
1761999004.1919074,-1.8782608695652174,-0.8347826086956521,5.982608695652174
1761999004.2057536,-1.182608695652174,0.1391304347826087,8.069565217391304
1761999004.219688,0.8347826086956521,-2.7130434782608694,12.591304347826087
1761999004.2342298,2.365217391304348,-2.5043478260869567,23.095652173913045
1761999004.24755,-1.0434782608695652,-1.8782608695652174,30.26086956521739
1761999004.2607815,-3.965217391304348,0.6260869565217392,44.869565217391305
1761999004.2745008,-2.9217391304347826,2.017391304347826,58.08695652173913
1761999004.2876961,-2.9217391304347826,1.9478260869565218,61.84347826086957
1761999004.3008907,-2.1565217391304348,-0.1391304347826087,68.45217391304348
1761999004.3142142,0.06956521739130435,-1.0434782608695652,73.6
1761999004.3273823,5.147826086956521,-4.034782608695652,76.6608695652174
1761999004.3410604,5.078260869565217,-5.843478260869565,86.74782608695652
1761999004.3545237,4.3130434782608695,-5.426086956521739,98.99130434782609
1761999004.367745,1.4608695652173913,-1.8782608695652174,105.04347826086956
1761999004.380938,-2.2956521739130435,2.5739130434782607,117.14782608695653
1761999004.394136,-2.782608695652174,2.365217391304348,122.64347826086957
1761999004.4077573,-3.0608695652173914,1.0434782608695652,133.84347826086957
1761999004.4209692,-0.34782608695652173,1.182608695652174,142.81739130434784
1761999004.4341714,-1.1130434782608696,1.4608695652173913,148.10434782608695
1761999004.44742,0.06956521739130435,1.6,154.64347826086956
1761999004.4609551,-10.226086956521739,-0.41739130434782606,162.01739130434783
1761999004.474383,-5.356521739130435,2.0869565217391304,161.80869565217392
1761999004.4875724,-2.017391304347826,3.756521739130435,163.96521739130435
1761999004.500858,-6.4,5.078260869565217,166.5391304347826
1761999004.5140238,-2.2956521739130435,8.695652173913043,165.1478260869565
1761999004.527497,-7.095652173913043,6.052173913043478,164.03478260869565
1761999004.5411766,-4.8,5.6347826086956525,157.98260869565217
1761999004.5545871,-5.147826086956521,2.0869565217391304,156.52173913043478
1761999004.568086,-2.7130434782608694,3.3391304347826085,151.9304347826087
1761999004.5813391,-7.373913043478261,7.443478260869565,148.8
1761999004.5945685,-9.321739130434782,6.886956521739131,146.7826086956522
1761999004.608512,-7.165217391304348,7.095652173913043,140.8
1761999004.6217418,-5.982608695652174,5.147826086956521,132.03478260869565
1761999004.6349788,-7.095652173913043,4.521739130434782,126.88695652173914
1761999004.6487138,-5.28695652173913,5.843478260869565,117.77391304347826
1761999004.6619885,-5.7043478260869565,1.391304347826087,106.15652173913044
1761999004.6752162,-3.6869565217391305,4.730434782608696,99.61739130434782
1761999004.6884487,-2.8521739130434782,-0.41739130434782606,85.91304347826087
1761999004.7019773,-3.965217391304348,2.7130434782608694,72.34782608695652
1761999004.7151968,-7.026086956521739,3.4782608695652173,65.80869565217391
1761999004.7284768,-9.460869565217392,4.034782608695652,51.47826086956522
1761999004.7421088,-4.243478260869566,1.5304347826086957,34.92173913043478
1761999004.7553287,-3.0608695652173914,-0.41739130434782606,28.452173913043477
1761999004.76859,-3.8956521739130436,1.9478260869565218,17.530434782608694
1761999004.782213,-4.3130434782608695,0.2782608695652174,5.773913043478261
1761999004.795393,-1.8782608695652174,-0.41739130434782606,0.41739130434782606
1761999004.8087878,-2.643478260869565,-1.391304347826087,-3.4782608695652173
1761999004.8219783,-3.4782608695652173,0.41739130434782606,-1.5304347826086957
1761999004.8352673,-3.2695652173913046,0.34782608695652173,-1.0434782608695652
1761999004.8483899,-3.8260869565217392,0.9043478260869565,-1.9478260869565218
1761999004.8638127,-4.243478260869566,0.6260869565217392,-1.9478260869565218
1761999004.8775508,-3.617391304347826,0.9739130434782609,-2.0869565217391304
1761999004.8912284,-3.4782608695652173,0.9043478260869565,-2.017391304347826
1761999004.9049895,-3.2695652173913046,0.7652173913043478,-1.3217391304347825
1761999004.9186726,-3.408695652173913,0.9739130434782609,-1.5304347826086957
1761999004.9323533,-3.617391304347826,1.0434782608695652,-1.9478260869565218
1761999004.9460433,-4.243478260869566,1.182608695652174,-2.7130434782608694
1761999004.9597383,-4.591304347826087,1.3217391304347825,-3.6869565217391305
1761999004.9735038,-4.591304347826087,1.7391304347826086,-3.965217391304348
1761999004.9871833,-4.173913043478261,1.182608695652174,-3.8956521739130436
1761999005.000899,-3.4782608695652173,0.9739130434782609,-3.130434782608696
1761999005.0154576,-3.2695652173913046,0.9739130434782609,-1.182608695652174
1761999005.029204,-3.617391304347826,2.4347826086956523,0.06956521739130435
1761999005.0438058,-3.756521739130435,1.6,-0.1391304347826087
1761999005.0582936,-3.6869565217391305,1.1130434782608696,-0.41739130434782606
1761999005.0719957,-3.756521739130435,1.182608695652174,-0.20869565217391303
1761999005.0856867,-3.408695652173913,0.9043478260869565,-0.48695652173913045
1761999005.09934,-3.4782608695652173,0.9739130434782609,-0.8347826086956521
1761999005.1138453,-3.4782608695652173,0.9739130434782609,-0.34782608695652173
1761999005.127519,-3.5478260869565217,1.0434782608695652,-0.5565217391304348
1761999005.1412697,-3.4782608695652173,0.9739130434782609,-0.7652173913043478
1761999005.1550245,-3.3391304347826085,0.9739130434782609,-0.6956521739130435
1761999005.1687667,-3.408695652173913,0.7652173913043478,-0.7652173913043478
1761999005.182554,-3.3391304347826085,0.8347826086956521,-0.8347826086956521
1761999005.1962256,-3.408695652173913,0.9043478260869565,-0.48695652173913045
1761999005.2099042,-3.3391304347826085,0.9043478260869565,-0.2782608695652174
1761999005.2235727,-3.4782608695652173,0.9739130434782609,-0.5565217391304348
1761999005.2372715,-3.3391304347826085,0.9043478260869565,-0.5565217391304348
1761999005.2509675,-3.3391304347826085,0.8347826086956521,-0.5565217391304348
1761999005.2646554,-3.2,0.8347826086956521,-0.5565217391304348
1761999005.2783263,-3.408695652173913,0.9043478260869565,-0.7652173913043478
1761999005.292247,-3.3391304347826085,0.9043478260869565,-0.6956521739130435
1761999005.3058765,-3.408695652173913,0.7652173913043478,-0.6260869565217392
1761999005.3194814,-3.408695652173913,0.9043478260869565,-0.7652173913043478
1761999005.3346477,-3.408695652173913,0.9043478260869565,-0.7652173913043478
1761999005.3478594,-3.617391304347826,0.8347826086956521,-0.6956521739130435
1761999005.36113,-3.617391304347826,0.9739130434782609,-0.8347826086956521
1761999005.374424,-3.5478260869565217,0.9043478260869565,-0.6260869565217392
1761999005.3880217,-3.6869565217391305,1.0434782608695652,-0.5565217391304348
1761999005.401593,-3.6869565217391305,1.182608695652174,-0.6956521739130435
1761999005.4152393,-3.6869565217391305,1.182608695652174,-0.7652173913043478
1761999005.428861,-3.617391304347826,1.0434782608695652,-1.0434782608695652
1761999005.4433396,-3.756521739130435,1.3217391304347825,-1.0434782608695652
1761999005.4566078,-3.8260869565217392,1.182608695652174,-1.0434782608695652
1761999005.470166,-3.617391304347826,1.1130434782608696,-0.9043478260869565
1761999005.483501,-3.4782608695652173,1.0434782608695652,-0.8347826086956521
1761999005.4967291,-3.408695652173913,0.9739130434782609,-0.9043478260869565
1761999005.51024,-3.4782608695652173,0.9739130434782609,-0.9043478260869565
1761999005.5233705,-3.5478260869565217,0.9739130434782609,-0.7652173913043478
1761999005.5369823,-3.5478260869565217,0.9739130434782609,-0.8347826086956521
1761999005.5503523,-3.4782608695652173,0.8347826086956521,-0.9739130434782609
1761999005.5643296,-3.3391304347826085,0.5565217391304348,-2.1565217391304348
1761999005.577514,-2.991304347826087,0.34782608695652173,-3.2
1761999005.5910866,-3.756521739130435,1.2521739130434784,-3.5478260869565217
1761999005.6043892,-2.991304347826087,0.2782608695652174,-4.591304347826087
1761999005.6179636,-2.2956521739130435,-1.808695652173913,-7.304347826086956
1761999005.631505,-2.782608695652174,0.1391304347826087,-10.295652173913043
1761999005.6451402,-2.4347826086956523,1.2521739130434784,-13.982608695652173
1761999005.6586738,-1.7391304347826086,2.782608695652174,-13.634782608695652
1761999005.672652,-0.9043478260869565,-1.391304347826087,-14.191304347826087
1761999005.6862035,-2.5043478260869567,0.8347826086956521,-16.417391304347827
1761999005.7000937,-2.5043478260869567,1.182608695652174,-27.06086956521739
1761999005.713649,-3.408695652173913,1.7391304347826086,-31.860869565217392
1761999005.7273784,-2.643478260869565,1.9478260869565218,-39.86086956521739
1761999005.7409315,-1.9478260869565218,1.808695652173913,-42.71304347826087
1761999005.7545638,-4.452173913043478,1.4608695652173913,-46.88695652173913
1761999005.7680721,-2.5739130434782607,-0.6956521739130435,-49.6695652173913
1761999005.7829788,-4.173913043478261,2.9217391304347826,-53.07826086956522
1761999005.7968516,-2.226086956521739,1.6,-54.81739130434783
1761999005.8105364,-4.104347826086957,1.2521739130434784,-56.0
1761999005.824146,-1.808695652173913,2.5739130434782607,-58.08695652173913
1761999005.8377867,-3.4782608695652173,4.173913043478261,-63.37391304347826
1761999005.8514097,-3.408695652173913,-2.643478260869565,-63.44347826086957
1761999005.8662934,-5.078260869565217,2.643478260869565,-62.469565217391306
1761999005.8795202,-3.4782608695652173,4.173913043478261,-59.96521739130435
1761999005.892859,-4.452173913043478,2.017391304347826,-58.643478260869564
1761999005.9060705,-2.2956521739130435,0.48695652173913045,-58.43478260869565
1761999005.9193344,-3.408695652173913,0.41739130434782606,-58.22608695652174
1761999005.9325979,-0.7652173913043478,-0.6260869565217392,-57.6
1761999005.945816,0.41739130434782606,-2.7130434782608694,-57.25217391304348
1761999005.95936,-0.48695652173913045,-1.808695652173913,-58.92173913043478
1761999005.972649,1.5304347826086957,-0.06956521739130435,-61.56521739130435
1761999005.9858603,-0.7652173913043478,-5.7043478260869565,-62.052173913043475
1761999005.999069,-0.7652173913043478,-1.8782608695652174,-62.3304347826087
1761999006.012288,-1.2521739130434784,-3.4782608695652173,-56.62608695652174
1761999006.0255008,-5.426086956521739,-0.9739130434782609,-52.243478260869566
1761999006.038711,-8.347826086956522,2.365217391304348,-48.417391304347824
1761999006.0519178,-5.217391304347826,4.8,-48.62608695652174
1761999006.0651357,0.8347826086956521,2.365217391304348,-51.33913043478261
1761999006.078354,0.9739130434782609,1.4608695652173913,-54.74782608695652
1761999006.091583,-2.2956521739130435,-3.3391304347826085,-55.65217391304348
1761999006.1048622,-3.8260869565217392,1.5304347826086957,-56.417391304347824
1761999006.1182456,-5.565217391304348,1.4608695652173913,-56.48695652173913
1761999006.2582703,-3.0608695652173914,-0.2782608695652174,-56.34782608695652
1761999006.2715428,-1.808695652173913,0.34782608695652173,-57.46086956521739
1761999006.285344,-2.5043478260869567,-1.1130434782608696,-56.62608695652174
1761999006.2985818,-4.939130434782609,0.34782608695652173,-55.65217391304348
1761999006.3118029,-5.843478260869565,2.0869565217391304,-52.243478260869566
1761999006.3250606,-2.8521739130434782,1.7391304347826086,-50.22608695652174
1761999006.3382735,-2.1565217391304348,-0.20869565217391303,-45.356521739130436
1761999006.3518407,-4.660869565217391,-2.365217391304348,-36.93913043478261
1761999006.3654168,-1.2521739130434784,5.078260869565217,-29.91304347826087
1761999006.3789742,-0.1391304347826087,3.0608695652173914,-29.495652173913044
1761999006.3925297,0.5565217391304348,-0.9739130434782609,-27.965217391304346
1761999006.4060798,0.9739130434782609,-0.5565217391304348,-27.269565217391303
1761999006.4212773,2.9217391304347826,-3.5478260869565217,-27.130434782608695
1761999006.4349487,3.617391304347826,-5.008695652173913,-23.026086956521738
1761999006.4485195,2.5739130434782607,-3.6869565217391305,-16.0
1761999006.4620717,0.9043478260869565,-1.182608695652174,-11.408695652173913
1761999006.4756224,-1.9478260869565218,-0.5565217391304348,-9.669565217391304
1761999006.48952,-3.8260869565217392,1.4608695652173913,-7.373913043478261
1761999006.5031033,-5.843478260869565,3.2695652173913046,-5.982608695652174
1761999006.5167093,-6.956521739130435,5.217391304347826,-5.356521739130435
1761999006.531172,-8.626086956521739,5.217391304347826,-3.408695652173913
1761999006.544678,-8.904347826086957,5.426086956521739,-3.6869565217391305
1761999006.557873,-8.834782608695653,5.843478260869565,-4.3826086956521735
1761999006.5710113,-7.51304347826087,4.452173913043478,-4.869565217391305
1761999006.5842276,-7.026086956521739,0.7652173913043478,-6.4
1761999006.5974386,-1.0434782608695652,0.1391304347826087,-6.608695652173913
1761999006.6105855,-0.9739130434782609,-0.7652173913043478,-7.304347826086956
1761999006.6237648,-0.06956521739130435,2.226086956521739,-8.208695652173914
1761999006.636998,-6.260869565217392,2.4347826086956523,-7.582608695652174
1761999006.6501834,-10.643478260869566,2.8521739130434782,-10.295652173913043
1761999006.6634057,-9.11304347826087,6.121739130434783,-13.91304347826087
1761999006.6771982,-3.617391304347826,2.5043478260869567,-16.973913043478262
1761999006.6904328,-3.8956521739130436,1.1130434782608696,-25.043478260869566
1761999006.704651,-2.782608695652174,1.7391304347826086,-31.026086956521738
1761999006.718434,-2.7130434782608694,1.391304347826087,-33.18260869565217
1761999006.7321033,-3.408695652173913,0.9043478260869565,-37.84347826086957
1761999006.7456412,-4.869565217391305,3.408695652173913,-38.12173913043478
1761999006.7589476,-3.965217391304348,0.0,-37.70434782608696
1761999006.7722645,-5.843478260869565,1.4608695652173913,-36.7304347826087
1761999006.786343,-4.3130434782608695,3.3391304347826085,-35.33913043478261
1761999006.7995737,-4.243478260869566,-0.48695652173913045,-32.34782608695652
1761999006.8131425,-5.147826086956521,0.2782608695652174,-30.678260869565218
1761999006.8268042,-6.052173913043478,2.365217391304348,-27.47826086956522
1761999006.841116,-5.6347826086956525,3.756521739130435,-26.991304347826087
1761999006.8545837,-4.3826086956521735,2.1565217391304348,-26.991304347826087
1761999006.8679569,-2.5043478260869567,-1.5304347826086957,-26.08695652173913
1761999006.881203,-4.8,-0.06956521739130435,-22.608695652173914
1761999006.894726,-2.0869565217391304,-1.182608695652174,-19.617391304347827
1761999006.9079382,-2.7130434782608694,0.5565217391304348,-8.904347826086957
1761999006.921826,-3.8956521739130436,1.1130434782608696,2.365217391304348
1761999006.9350204,-3.2695652173913046,0.5565217391304348,3.8956521739130436
1761999006.9482222,-4.034782608695652,0.20869565217391303,0.9739130434782609
1761999006.9635067,-3.4782608695652173,0.7652173913043478,0.6956521739130435
1761999006.977131,-4.521739130434782,0.6260869565217392,1.1130434782608696
1761999006.9903274,-3.965217391304348,1.0434782608695652,0.48695652173913045
1761999007.0038688,-3.5478260869565217,0.9043478260869565,-0.7652173913043478
1761999007.0182638,-3.756521739130435,1.2521739130434784,-0.2782608695652174
1761999007.0317705,-3.756521739130435,1.182608695652174,0.0
1761999007.0451498,-3.6869565217391305,0.7652173913043478,-0.8347826086956521
1761999007.058506,-3.2695652173913046,1.1130434782608696,-0.41739130434782606
1761999007.071769,-3.4782608695652173,0.9043478260869565,-0.2782608695652174
1761999007.085085,-3.3391304347826085,0.6956521739130435,-0.6956521739130435
1761999007.0983505,-3.130434782608696,0.9739130434782609,-0.34782608695652173
1761999007.1117077,-3.4782608695652173,0.9043478260869565,-0.48695652173913045
1761999007.1249807,-3.2695652173913046,0.9043478260869565,-0.6260869565217392
1761999007.1382337,-3.3391304347826085,0.9739130434782609,-0.6956521739130435
1761999007.151472,-3.4782608695652173,0.8347826086956521,-0.8347826086956521
1761999007.164947,-3.5478260869565217,0.9043478260869565,-0.9739130434782609
1761999007.1782293,-3.408695652173913,0.9043478260869565,-0.34782608695652173
1761999007.1916447,-3.5478260869565217,1.182608695652174,1.1130434782608696
1761999007.2049851,-3.617391304347826,1.5304347826086957,-0.41739130434782606
1761999007.2183695,-4.104347826086957,-0.1391304347826087,-1.182608695652174
1761999007.2316313,-4.104347826086957,1.6695652173913043,0.7652173913043478
1761999007.2453218,-3.2,0.34782608695652173,-1.1130434782608696
1761999007.2585967,-2.9217391304347826,-0.1391304347826087,0.7652173913043478
1761999007.271972,-2.017391304347826,0.0,5.28695652173913
1761999007.2853212,-3.5478260869565217,-0.2782608695652174,-6.886956521739131
1761999007.2986116,-3.4782608695652173,1.182608695652174,1.391304347826087
1761999007.3120255,-2.4347826086956523,2.9217391304347826,4.939130434782609
1761999007.3255408,-3.6869565217391305,0.48695652173913045,-1.182608695652174
1761999007.3388574,-3.130434782608696,0.20869565217391303,-2.9217391304347826
1761999007.3525522,-2.5739130434782607,2.365217391304348,4.243478260869566
1761999007.3658688,-3.0608695652173914,0.20869565217391303,-0.9043478260869565
1761999007.379296,-3.130434782608696,1.3217391304347825,0.2782608695652174
1761999007.392516,-3.4782608695652173,0.06956521739130435,-1.3217391304347825
1761999007.4057262,-2.4347826086956523,0.6260869565217392,-1.0434782608695652
1761999007.4190214,-2.5043478260869567,-1.6,-1.8782608695652174
1761999007.4322062,-3.408695652173913,0.6260869565217392,0.6956521739130435
1761999007.4455276,-6.052173913043478,3.5478260869565217,0.9739130434782609
1761999007.4587326,-4.939130434782609,-1.4608695652173913,-5.913043478260869
1761999007.4719107,-2.8521739130434782,0.41739130434782606,0.5565217391304348
1761999007.48515,-3.3391304347826085,1.4608695652173913,1.391304347826087
1761999007.498352,-3.2695652173913046,0.34782608695652173,-0.9043478260869565
1761999007.5115623,-3.0608695652173914,0.0,-1.3217391304347825
1761999007.5247874,-3.408695652173913,1.6,0.06956521739130435
1761999007.5379763,-3.6869565217391305,0.20869565217391303,-0.41739130434782606
1761999007.5511506,-3.0608695652173914,1.391304347826087,-0.6260869565217392
1761999007.5644,-3.5478260869565217,1.3217391304347825,-0.41739130434782606
1761999007.577728,-3.408695652173913,0.7652173913043478,-1.2521739130434784
1761999007.5913746,-3.2695652173913046,0.8347826086956521,-0.2782608695652174
1761999007.6050622,-3.756521739130435,1.6,2.365217391304348
1761999007.6186333,-4.8,1.6695652173913043,-0.2782608695652174
1761999007.6329238,-3.3391304347826085,1.0434782608695652,-1.6695652173913043
1761999007.646657,-3.2,1.2521739130434784,1.4608695652173913
1761999007.6602316,-3.0608695652173914,0.6956521739130435,0.20869565217391303
1761999007.6737838,-2.9217391304347826,-0.1391304347826087,-2.226086956521739
1761999007.6880279,-3.2695652173913046,1.182608695652174,-0.34782608695652173
1761999007.701246,-2.8521739130434782,0.8347826086956521,-0.6260869565217392
1761999007.7144716,-3.2695652173913046,0.6956521739130435,-1.5304347826086957
1761999007.7279758,-3.3391304347826085,1.1130434782608696,-0.20869565217391303
1761999007.7415648,-3.408695652173913,0.41739130434782606,0.0
1761999007.7554274,-3.5478260869565217,1.2521739130434784,-0.5565217391304348
1761999007.769049,-2.9217391304347826,0.1391304347826087,-0.48695652173913045
1761999007.7831051,-2.8521739130434782,0.9739130434782609,-0.34782608695652173
1761999007.7977126,-3.5478260869565217,1.0434782608695652,-0.48695652173913045
1761999007.8115478,-3.4782608695652173,0.8347826086956521,-1.0434782608695652
1761999007.8257515,-3.2695652173913046,1.182608695652174,0.06956521739130435
1761999007.8392587,-3.408695652173913,1.4608695652173913,-0.6956521739130435
1761999007.8525002,-3.6869565217391305,1.0434782608695652,-1.391304347826087
1761999007.8657038,-3.408695652173913,0.7652173913043478,-0.06956521739130435
1761999007.8789191,-3.2695652173913046,0.7652173913043478,-0.5565217391304348
1761999007.8922415,-3.3391304347826085,0.6260869565217392,-0.7652173913043478
1761999007.9056425,-3.4782608695652173,1.182608695652174,-0.2782608695652174
1761999007.9188914,-3.408695652173913,0.8347826086956521,-0.2782608695652174
1761999007.932746,-3.408695652173913,0.9739130434782609,-0.20869565217391303
1761999007.946566,-3.3391304347826085,0.6956521739130435,-0.1391304347826087
1761999007.9598053,-3.130434782608696,0.9043478260869565,-0.06956521739130435
1761999007.9729958,-3.3391304347826085,1.0434782608695652,-0.48695652173913045
1761999007.9862244,-3.2,0.6260869565217392,-0.41739130434782606
1761999007.9994314,-3.2695652173913046,0.7652173913043478,0.0
1761999008.0126884,-3.408695652173913,0.7652173913043478,-0.5565217391304348
1761999008.0259054,-3.5478260869565217,0.9739130434782609,-0.9043478260869565
1761999008.0391214,-3.5478260869565217,0.9739130434782609,-1.182608695652174
1761999008.0528083,-3.5478260869565217,1.0434782608695652,-1.2521739130434784
1761999008.0660465,-3.4782608695652173,0.6260869565217392,-0.9043478260869565
1761999008.0792272,-3.617391304347826,0.34782608695652173,-2.643478260869565
1761999008.0924072,-3.5478260869565217,0.48695652173913045,-2.5043478260869567
1761999008.1055834,-3.4782608695652173,1.8782608695652174,0.20869565217391303
1761999008.1188028,-3.408695652173913,1.2521739130434784,0.2782608695652174
1761999008.13262,-3.130434782608696,0.8347826086956521,-1.182608695652174
1761999008.145989,-2.9217391304347826,0.7652173913043478,-1.391304347826087
1761999008.1591659,-2.643478260869565,0.6260869565217392,0.48695652173913045
1761999008.1723433,-3.130434782608696,2.226086956521739,1.0434782608695652
1761999008.1855183,-3.4782608695652173,1.5304347826086957,0.5565217391304348
1761999008.1988578,-3.408695652173913,0.48695652173913045,-0.6956521739130435
1761999008.212055,-3.4782608695652173,1.2521739130434784,-0.20869565217391303
1761999008.2253542,-3.6869565217391305,0.5565217391304348,-0.34782608695652173
1761999008.2387064,-3.6869565217391305,1.0434782608695652,-0.41739130434782606
1761999008.2520168,-3.6869565217391305,1.0434782608695652,-0.5565217391304348
1761999008.2655165,-3.408695652173913,0.9043478260869565,-0.41739130434782606
1761999008.2787015,-3.4782608695652173,1.0434782608695652,-0.2782608695652174
1761999008.2923577,-3.3391304347826085,0.8347826086956521,-0.5565217391304348
1761999008.3056178,-3.3391304347826085,0.7652173913043478,-0.48695652173913045
1761999008.3187985,-3.3391304347826085,0.7652173913043478,-0.48695652173913045
1761999008.332431,-3.3391304347826085,0.7652173913043478,-0.48695652173913045
1761999008.3456266,-3.3391304347826085,0.7652173913043478,-0.48695652173913045
1761999008.3593223,-3.3391304347826085,0.8347826086956521,-0.48695652173913045
1761999008.372506,-3.3391304347826085,0.7652173913043478,-0.7652173913043478
1761999008.3859887,-3.4782608695652173,0.8347826086956521,-0.6956521739130435
1761999008.3991606,-3.408695652173913,0.8347826086956521,-0.5565217391304348
1761999008.4138713,-3.4782608695652173,0.8347826086956521,-0.5565217391304348
1761999008.4277153,-3.5478260869565217,0.9043478260869565,-0.5565217391304348
1761999008.4410536,-3.3391304347826085,0.6956521739130435,-0.48695652173913045
1761999008.4542565,-3.408695652173913,0.9739130434782609,-0.34782608695652173
1761999008.467476,-3.408695652173913,0.7652173913043478,-0.48695652173913045
1761999008.4807138,-3.2,0.7652173913043478,-0.06956521739130435
1761999008.4939084,-3.5478260869565217,1.0434782608695652,-0.2782608695652174
1761999008.5070536,-3.617391304347826,1.0434782608695652,-0.6260869565217392
1761999008.5203643,-3.3391304347826085,1.182608695652174,-0.48695652173913045
1761999008.5335534,-3.3391304347826085,0.6956521739130435,-0.2782608695652174
1761999008.5490062,-3.5478260869565217,0.8347826086956521,-0.9043478260869565
1761999008.562213,-3.4782608695652173,1.0434782608695652,-0.9739130434782609
1761999008.5754302,-3.6869565217391305,1.1130434782608696,-0.9043478260869565
1761999008.5891047,-3.4782608695652173,0.6956521739130435,-0.8347826086956521
1761999008.6026192,-3.130434782608696,0.6260869565217392,-1.0434782608695652
1761999008.6166437,-3.2695652173913046,0.9043478260869565,-0.9739130434782609
1761999008.629926,-3.408695652173913,0.9043478260869565,-0.6260869565217392
1761999008.643148,-3.408695652173913,1.182608695652174,0.06956521739130435
1761999008.6565316,-3.5478260869565217,1.3217391304347825,0.1391304347826087
1761999008.6697319,-3.2695652173913046,0.6956521739130435,0.06956521739130435
1761999008.6835012,-3.3391304347826085,0.9739130434782609,0.06956521739130435
1761999008.6971948,-3.5478260869565217,1.1130434782608696,-0.34782608695652173
1761999008.7109375,-3.2695652173913046,0.6260869565217392,-0.48695652173913045
1761999008.7246659,-3.2,0.48695652173913045,-0.34782608695652173
1761999008.738475,-3.2,0.6260869565217392,-0.9043478260869565
1761999008.7521029,-3.4782608695652173,0.9043478260869565,-0.8347826086956521
1761999008.7657874,-3.4782608695652173,0.9043478260869565,-0.20869565217391303
1761999008.7806687,-3.5478260869565217,0.9739130434782609,-1.2521739130434784
1761999008.7940423,-3.130434782608696,0.8347826086956521,-0.20869565217391303
1761999008.8073292,-3.3391304347826085,0.9739130434782609,-0.9739130434782609
1761999008.8207304,-3.2695652173913046,1.0434782608695652,-1.1130434782608696
1761999008.8339937,-3.4782608695652173,1.2521739130434784,-0.06956521739130435
1761999008.8472817,-3.0608695652173914,0.9739130434782609,-0.06956521739130435
1761999008.8606303,-3.756521739130435,0.9043478260869565,-0.5565217391304348
1761999008.873985,-3.2695652173913046,0.48695652173913045,-0.20869565217391303
1761999008.88726,-3.965217391304348,1.182608695652174,-0.8347826086956521
1761999008.9005127,-3.4782608695652173,0.6260869565217392,-0.2782608695652174
1761999008.9138818,-3.3391304347826085,0.9739130434782609,-0.6260869565217392
1761999008.9272335,-3.3391304347826085,0.6956521739130435,-1.182608695652174
1761999008.940641,-3.2,0.5565217391304348,0.0
1761999008.9539785,-3.3391304347826085,0.8347826086956521,-0.2782608695652174
1761999008.9672427,-3.4782608695652173,0.6956521739130435,-0.7652173913043478
1761999008.980529,-3.408695652173913,1.1130434782608696,-0.20869565217391303
1761999008.9937952,-3.408695652173913,0.9739130434782609,-0.2782608695652174
1761999009.0072281,-3.4782608695652173,0.9739130434782609,-0.8347826086956521
1761999009.0204818,-3.408695652173913,0.9739130434782609,-0.41739130434782606
1761999009.0337505,-3.5478260869565217,1.1130434782608696,-0.41739130434782606
1761999009.0470135,-3.3391304347826085,0.9043478260869565,-0.5565217391304348
1761999009.0602956,-3.3391304347826085,0.8347826086956521,-0.34782608695652173
1761999009.073554,-3.3391304347826085,0.8347826086956521,-0.6956521739130435
1761999009.0868106,-3.4782608695652173,0.9043478260869565,-1.182608695652174
1761999009.1013563,-3.3391304347826085,1.0434782608695652,-0.34782608695652173
1761999009.1146297,-3.5478260869565217,0.9739130434782609,-0.48695652173913045
1761999009.1278734,-3.2,0.8347826086956521,-0.7652173913043478
1761999009.1411786,-3.408695652173913,0.9043478260869565,-0.1391304347826087
1761999009.154477,-3.408695652173913,0.6260869565217392,-0.1391304347826087
1761999009.1677282,-3.3391304347826085,0.7652173913043478,-0.6260869565217392
1761999009.1809947,-3.3391304347826085,0.9739130434782609,-0.6956521739130435
1761999009.19431,-3.3391304347826085,0.8347826086956521,-0.5565217391304348
1761999009.2075353,-3.408695652173913,0.8347826086956521,-0.41739130434782606
1761999009.220837,-3.408695652173913,1.1130434782608696,-0.6260869565217392
1761999009.2340925,-3.2695652173913046,0.6260869565217392,-0.48695652173913045
1761999009.2473018,-3.4782608695652173,1.0434782608695652,-0.34782608695652173
1761999009.2604966,-3.408695652173913,0.7652173913043478,-0.5565217391304348
1761999009.2736907,-3.3391304347826085,0.6260869565217392,-0.5565217391304348
1761999009.2877202,-3.408695652173913,0.8347826086956521,-0.41739130434782606
1761999009.3009534,-3.3391304347826085,0.9043478260869565,-0.6260869565217392
1761999009.314162,-3.4782608695652173,0.8347826086956521,-0.6956521739130435
1761999009.3273957,-3.408695652173913,0.9043478260869565,-0.48695652173913045
1761999009.3406653,-3.408695652173913,0.9043478260869565,-0.6260869565217392
1761999009.354174,-3.408695652173913,0.8347826086956521,-0.6260869565217392
1761999009.3674,-3.3391304347826085,1.0434782608695652,-0.41739130434782606
1761999009.38065,-3.4782608695652173,0.9043478260869565,-0.5565217391304348
1761999009.3938642,-3.2695652173913046,1.0434782608695652,-0.48695652173913045
1761999009.4070606,-3.5478260869565217,1.3217391304347825,-0.2782608695652174
1761999009.4202476,-3.617391304347826,1.182608695652174,-0.6260869565217392
1761999009.43353,-3.408695652173913,0.7652173913043478,-0.7652173913043478
1761999009.447048,-3.408695652173913,0.9739130434782609,0.0
1761999009.460671,-1.8782608695652174,0.48695652173913045,-0.9739130434782609
1761999009.4742389,-3.0608695652173914,0.9043478260869565,-0.34782608695652173
1761999009.487828,-3.8956521739130436,0.2782608695652174,-1.182608695652174
1761999009.5015106,-2.9217391304347826,0.5565217391304348,-0.41739130434782606
1761999009.5151265,-4.3130434782608695,1.9478260869565218,-0.34782608695652173
1761999009.5287738,-3.2,0.5565217391304348,-0.7652173913043478
1761999009.5423615,-2.8521739130434782,0.2782608695652174,0.0
1761999009.5559673,-3.2,0.9043478260869565,-0.7652173913043478
1761999009.56957,-3.2695652173913046,0.7652173913043478,-0.48695652173913045
1761999009.583807,-3.5478260869565217,1.182608695652174,-0.1391304347826087
1761999009.5971632,-3.756521739130435,1.4608695652173913,-0.2782608695652174
1761999009.6107183,-3.130434782608696,0.41739130434782606,-0.34782608695652173
1761999009.6242707,-3.130434782608696,0.7652173913043478,-0.41739130434782606
1761999009.6378934,-3.5478260869565217,0.9739130434782609,-0.7652173913043478
1761999009.6515827,-3.4782608695652173,0.9739130434782609,-0.6260869565217392
1761999009.665198,-3.5478260869565217,1.1130434782608696,-0.2782608695652174
1761999009.6787446,-3.408695652173913,0.9043478260869565,-0.48695652173913045
1761999009.6922903,-3.2,0.48695652173913045,-0.41739130434782606
1761999009.7058403,-3.4782608695652173,1.1130434782608696,-0.5565217391304348
1761999009.7193968,-3.5478260869565217,0.9043478260869565,-0.7652173913043478
1761999009.733091,-3.2695652173913046,0.9739130434782609,-0.5565217391304348
1761999009.7463312,-3.2695652173913046,0.8347826086956521,-0.34782608695652173
1761999009.7595313,-3.4782608695652173,0.7652173913043478,-0.6260869565217392
1761999009.772808,-3.408695652173913,0.9043478260869565,-0.48695652173913045
1761999009.7860188,-3.408695652173913,1.1130434782608696,-0.5565217391304348
1761999009.8001692,-3.4782608695652173,0.9043478260869565,-0.7652173913043478
1761999009.8133948,-3.2695652173913046,0.7652173913043478,-0.5565217391304348
1761999009.8266008,-3.3391304347826085,0.9043478260869565,-0.41739130434782606
1761999009.8398013,-3.408695652173913,0.8347826086956521,-0.5565217391304348
1761999009.853002,-3.408695652173913,0.9739130434782609,-0.5565217391304348
1761999009.8662257,-3.3391304347826085,0.9043478260869565,-0.2782608695652174
1761999009.879425,-3.3391304347826085,0.8347826086956521,-0.34782608695652173
1761999009.8926694,-3.408695652173913,0.9043478260869565,-0.41739130434782606
1761999009.9058607,-3.4782608695652173,0.9739130434782609,-0.48695652173913045
1761999009.91905,-3.408695652173913,0.8347826086956521,-0.6956521739130435
1761999009.9322476,-3.408695652173913,0.9739130434782609,-0.6956521739130435
1761999009.94549,-3.4782608695652173,1.0434782608695652,-0.2782608695652174
1761999009.9587278,-3.2695652173913046,0.8347826086956521,-0.34782608695652173
1761999009.9724066,-3.5478260869565217,0.9739130434782609,-0.41739130434782606
1761999009.9860644,-3.2695652173913046,0.9739130434782609,-0.41739130434782606
1761999009.9997432,-3.5478260869565217,0.9739130434782609,-0.41739130434782606
1761999010.01339,-3.408695652173913,0.9739130434782609,-0.41739130434782606
1761999010.0273767,-3.408695652173913,0.9043478260869565,-0.41739130434782606
1761999010.0410335,-3.3391304347826085,0.9739130434782609,-0.34782608695652173
1761999010.054642,-3.408695652173913,0.9043478260869565,-0.6260869565217392
1761999010.068256,-2.8521739130434782,0.8347826086956521,-0.8347826086956521
1761999010.0820723,-3.8260869565217392,0.9043478260869565,-0.6956521739130435
1761999010.0957444,-3.3391304347826085,0.9739130434782609,-0.20869565217391303
1761999010.1096008,-3.408695652173913,0.9739130434782609,-0.20869565217391303
1761999010.123735,-3.5478260869565217,1.182608695652174,-0.34782608695652173
1761999010.1369472,-3.0608695652173914,0.48695652173913045,-0.34782608695652173
1761999010.1501987,-3.408695652173913,0.8347826086956521,-0.06956521739130435
1761999010.163362,-3.130434782608696,0.5565217391304348,-1.3217391304347825
1761999010.1774933,-3.408695652173913,0.6956521739130435,-0.9739130434782609
1761999010.1907158,-3.3391304347826085,0.9739130434782609,-0.41739130434782606
1761999010.2040935,-3.2,0.7652173913043478,-0.6260869565217392
1761999010.2173004,-3.4782608695652173,0.9739130434782609,-0.6260869565217392
1761999010.231173,-3.2,1.1130434782608696,0.0
1761999010.2443361,-3.8956521739130436,1.1130434782608696,-1.0434782608695652
1761999010.2576454,-3.617391304347826,0.9739130434782609,-0.41739130434782606
1761999010.271158,-3.0608695652173914,0.6956521739130435,-0.1391304347826087
1761999010.2844722,-3.2695652173913046,0.6260869565217392,-1.4608695652173913
1761999010.2976887,-3.2695652173913046,0.7652173913043478,-0.9739130434782609
1761999010.3112233,-3.2,0.5565217391304348,-0.1391304347826087
1761999010.3244517,-3.408695652173913,1.808695652173913,-0.6956521739130435
1761999010.3377519,-3.8260869565217392,1.5304347826086957,-0.5565217391304348
1761999010.351159,-4.173913043478261,0.7652173913043478,-0.6956521739130435
1761999010.3651192,-3.408695652173913,0.1391304347826087,0.0
1761999010.3783283,-3.130434782608696,0.5565217391304348,-1.1130434782608696
1761999010.3950832,-3.2695652173913046,0.34782608695652173,-0.9043478260869565
1761999010.4089038,-3.408695652173913,0.8347826086956521,0.1391304347826087
1761999010.4231477,-3.6869565217391305,0.9043478260869565,-0.8347826086956521
1761999010.4369009,-3.617391304347826,1.2521739130434784,0.0
1761999010.451046,-3.2695652173913046,0.7652173913043478,-0.1391304347826087
1761999010.464781,-3.3391304347826085,0.6260869565217392,-0.6956521739130435
1761999010.4793277,-3.3391304347826085,0.9043478260869565,-0.1391304347826087
1761999010.4925854,-3.4782608695652173,0.9043478260869565,-0.34782608695652173
1761999010.5066679,-3.3391304347826085,0.9739130434782609,-0.7652173913043478
1761999010.5198545,-3.4782608695652173,1.1130434782608696,-0.41739130434782606
1761999010.5330327,-3.3391304347826085,0.6956521739130435,-0.2782608695652174
1761999010.546898,-3.408695652173913,0.8347826086956521,-0.7652173913043478
1761999010.5602205,-3.4782608695652173,0.9739130434782609,-0.1391304347826087
1761999010.5738626,-3.408695652173913,0.9043478260869565,-0.2782608695652174
1761999010.5871923,-3.5478260869565217,1.0434782608695652,-0.48695652173913045
1761999010.6004367,-2.991304347826087,1.8782608695652174,0.2782608695652174
1761999010.6137981,-4.173913043478261,0.48695652173913045,-1.1130434782608696
1761999010.6269724,-4.660869565217391,0.8347826086956521,-1.8782608695652174
1761999010.6403694,-3.2695652173913046,0.7652173913043478,-0.2782608695652174
1761999010.6535606,-3.130434782608696,0.20869565217391303,-1.2521739130434784
1761999010.6668904,-3.130434782608696,0.20869565217391303,-1.9478260869565218
1761999010.6800752,-3.6869565217391305,0.5565217391304348,-1.9478260869565218
1761999010.6938386,-3.408695652173913,0.9739130434782609,-0.8347826086956521
1761999010.7070415,-3.4782608695652173,1.182608695652174,-1.391304347826087
1761999010.720906,-3.756521739130435,0.0,-4.104347826086957
1761999010.7344878,-3.756521739130435,1.4608695652173913,-0.9739130434782609
1761999010.7484329,-3.408695652173913,0.9043478260869565,-0.34782608695652173
1761999010.7624228,-2.991304347826087,0.6956521739130435,0.34782608695652173
1761999010.7760425,-3.2,0.8347826086956521,0.0
1761999010.7896323,-3.617391304347826,0.7652173913043478,-0.8347826086956521
1761999010.803693,-3.130434782608696,1.2521739130434784,-0.34782608695652173
1761999010.8172698,-3.2695652173913046,0.1391304347826087,-0.06956521739130435
1761999010.8308353,-3.408695652173913,0.9043478260869565,-1.0434782608695652
1761999010.8451173,-3.2695652173913046,0.6260869565217392,-0.9739130434782609
1761999010.8584514,-3.6869565217391305,1.182608695652174,-0.2782608695652174
1761999010.8717084,-3.756521739130435,1.5304347826086957,0.5565217391304348
1761999010.8849673,-3.4782608695652173,1.2521739130434784,0.48695652173913045
1761999010.898229,-3.2,0.9739130434782609,-0.34782608695652173
1761999010.9114819,-3.3391304347826085,0.6956521739130435,0.06956521739130435
1761999010.9257073,-3.130434782608696,0.8347826086956521,-0.06956521739130435
1761999010.9395463,-3.0608695652173914,0.6260869565217392,-0.9043478260869565
1761999010.953227,-3.408695652173913,0.48695652173913045,-1.5304347826086957
1761999010.967261,-3.756521739130435,1.1130434782608696,-0.9043478260869565
1761999010.9810524,-2.991304347826087,2.782608695652174,-0.20869565217391303
1761999010.9951074,-3.2695652173913046,-0.48695652173913045,-1.808695652173913
1761999011.0106196,-2.2956521739130435,2.1565217391304348,1.182608695652174
1761999011.0239558,-3.8260869565217392,0.5565217391304348,-0.41739130434782606
1761999011.0376275,-4.104347826086957,1.182608695652174,-1.0434782608695652
1761999011.051264,-3.2,0.9043478260869565,0.48695652173913045
1761999011.0649426,-3.756521739130435,0.7652173913043478,-0.9739130434782609
1761999011.0786452,-3.0608695652173914,0.6260869565217392,-1.3217391304347825
1761999011.0939558,-3.2695652173913046,0.41739130434782606,-0.9043478260869565
1761999011.107549,-3.756521739130435,1.3217391304347825,-1.0434782608695652
1761999011.1212234,-3.408695652173913,0.9739130434782609,-0.9043478260869565
1761999011.2763996,-3.2,0.7652173913043478,-0.5565217391304348
1761999011.2899604,-3.2695652173913046,0.8347826086956521,-0.48695652173913045
1761999011.3046443,-3.5478260869565217,0.9739130434782609,-0.6956521739130435
1761999011.319117,-3.4782608695652173,1.0434782608695652,-0.20869565217391303
1761999011.3328063,-3.756521739130435,1.2521739130434784,-0.6260869565217392
1761999011.346425,-3.6869565217391305,1.4608695652173913,-0.9043478260869565
1761999011.360505,-3.408695652173913,1.391304347826087,-1.8782608695652174
1761999011.3741152,-3.5478260869565217,-0.06956521739130435,-2.365217391304348
1761999011.3880396,-3.2695652173913046,-1.0434782608695652,-4.591304347826087
1761999011.4016333,-3.965217391304348,2.365217391304348,-0.41739130434782606
1761999011.4155393,-2.782608695652174,1.808695652173913,-0.9043478260869565
1761999011.42915,-2.4347826086956523,0.5565217391304348,-2.2956521739130435
1761999011.4435802,-3.6869565217391305,0.8347826086956521,-0.34782608695652173
1761999011.4572299,-3.130434782608696,0.6260869565217392,-0.6956521739130435
1761999011.4708736,-3.4782608695652173,0.6956521739130435,-1.0434782608695652
1761999011.4844174,-3.2695652173913046,0.9739130434782609,-0.48695652173913045
1761999011.4985023,-3.408695652173913,1.2521739130434784,-0.48695652173913045
1761999011.5120716,-3.408695652173913,1.1130434782608696,-0.7652173913043478
1761999011.5258176,-3.130434782608696,1.1130434782608696,-1.2521739130434784
1761999011.5393617,-3.408695652173913,1.1130434782608696,-0.34782608695652173
1761999011.553372,-3.3391304347826085,0.9043478260869565,-0.06956521739130435
1761999011.567046,-3.130434782608696,1.6,-0.9043478260869565
1761999011.580896,-3.617391304347826,3.756521739130435,-1.4608695652173913
1761999011.5941281,-3.8260869565217392,2.991304347826087,-2.643478260869565
1761999011.6074061,-3.130434782608696,1.2521739130434784,-2.643478260869565
1761999011.6207595,-3.2,0.7652173913043478,0.41739130434782606
1761999011.634013,-3.2,0.48695652173913045,-0.41739130434782606
1761999011.6472602,-3.5478260869565217,0.9043478260869565,-1.2521739130434784
1761999011.6606243,-3.2695652173913046,1.0434782608695652,-0.41739130434782606
1761999011.6738577,-3.2695652173913046,0.9739130434782609,-0.1391304347826087
1761999011.6870625,-3.5478260869565217,0.9739130434782609,-0.9043478260869565
1761999011.7002623,-3.3391304347826085,1.0434782608695652,-0.6956521739130435
1761999011.7135227,-3.4782608695652173,0.9043478260869565,-0.2782608695652174
1761999011.7272441,-3.4782608695652173,0.7652173913043478,-0.48695652173913045
1761999011.7412052,-3.3391304347826085,1.5304347826086957,-0.41739130434782606
1761999011.7546782,-3.8260869565217392,1.1130434782608696,-0.5565217391304348
1761999011.768363,-3.2695652173913046,0.41739130434782606,-0.7652173913043478
1761999011.7819114,-3.4782608695652173,1.1130434782608696,-0.9043478260869565
1761999011.795451,-3.4782608695652173,0.5565217391304348,-0.6260869565217392
1761999011.8087714,-3.617391304347826,1.1130434782608696,-0.48695652173913045
1761999011.8222878,-3.408695652173913,0.7652173913043478,-0.34782608695652173
1761999011.835623,-3.4782608695652173,0.6260869565217392,-0.6260869565217392
1761999011.8496685,-3.408695652173913,0.6260869565217392,-0.8347826086956521
1761999011.863545,-2.991304347826087,0.7652173913043478,-1.391304347826087
1761999011.8791153,-3.3391304347826085,0.9043478260869565,-0.6260869565217392
1761999011.8932204,-3.3391304347826085,0.06956521739130435,-0.9739130434782609
1761999011.9064884,-3.0608695652173914,0.0,-1.4608695652173913
1761999011.9198644,-3.0608695652173914,0.2782608695652174,-1.2521739130434784
1761999011.9335122,-3.2695652173913046,0.41739130434782606,-1.2521739130434784
1761999011.947762,-3.6869565217391305,0.34782608695652173,-2.0869565217391304
1761999011.9610734,-4.104347826086957,0.9043478260869565,-1.1130434782608696
1761999011.9743512,-3.2695652173913046,1.182608695652174,-0.34782608695652173
1761999011.9875734,-3.965217391304348,1.3217391304347825,-0.9739130434782609
1761999012.00154,-3.4782608695652173,0.6260869565217392,-0.6260869565217392
1761999012.0147703,-3.4782608695652173,0.9043478260869565,-1.182608695652174
1761999012.0279713,-3.408695652173913,0.6956521739130435,-0.8347826086956521
1761999012.0411565,-3.617391304347826,1.0434782608695652,-0.5565217391304348
1761999012.0545743,-3.6869565217391305,0.8347826086956521,-0.9739130434782609
1761999012.0682836,-3.5478260869565217,0.9739130434782609,-0.8347826086956521
1761999012.082134,-3.408695652173913,1.0434782608695652,-0.5565217391304348
1761999012.0953565,-3.408695652173913,0.7652173913043478,-0.5565217391304348
1761999012.108642,-3.2695652173913046,0.7652173913043478,-0.6260869565217392
1761999012.12191,-3.2695652173913046,1.0434782608695652,-0.48695652173913045
1761999012.135271,-3.3391304347826085,1.0434782608695652,-0.48695652173913045
1761999012.1484756,-3.2695652173913046,1.1130434782608696,-0.06956521739130435
1761999012.161976,-3.2695652173913046,0.9739130434782609,0.0
1761999012.1752207,-3.2,0.7652173913043478,-0.20869565217391303
1761999012.188885,-3.408695652173913,1.0434782608695652,-0.2782608695652174
1761999012.2024693,-3.3391304347826085,0.9043478260869565,-0.41739130434782606
1761999012.216137,-3.4782608695652173,0.9739130434782609,-0.41739130434782606
1761999012.229968,-3.2695652173913046,0.9043478260869565,-0.20869565217391303
1761999012.243627,-3.5478260869565217,0.7652173913043478,-0.20869565217391303
1761999012.2573106,-3.408695652173913,0.5565217391304348,-0.1391304347826087
1761999012.2709575,-3.3391304347826085,1.2521739130434784,-0.20869565217391303
1761999012.284624,-3.617391304347826,0.9043478260869565,-0.41739130434782606
1761999012.2984085,-3.617391304347826,-0.06956521739130435,-1.0434782608695652
1761999012.3120382,-3.617391304347826,1.4608695652173913,0.1391304347826087
1761999012.325602,-3.0608695652173914,1.2521739130434784,-0.06956521739130435
1761999012.3388345,-3.617391304347826,0.9739130434782609,0.0
1761999012.3521187,-3.5478260869565217,1.3217391304347825,-0.7652173913043478
1761999012.3653543,-3.5478260869565217,1.2521739130434784,-0.6260869565217392
1761999012.3786058,-3.4782608695652173,1.3217391304347825,-0.2782608695652174
1761999012.3919756,-3.3391304347826085,0.8347826086956521,-0.41739130434782606
1761999012.4053323,-3.4782608695652173,1.0434782608695652,-0.48695652173913045
1761999012.4189932,-3.408695652173913,1.0434782608695652,-0.20869565217391303
1761999012.4327414,-3.5478260869565217,1.182608695652174,-0.48695652173913045
1761999012.4463475,-3.5478260869565217,1.0434782608695652,-0.7652173913043478
1761999012.460012,-3.408695652173913,0.6956521739130435,-0.48695652173913045
1761999012.4735923,-3.3391304347826085,0.41739130434782606,-0.41739130434782606
1761999012.487238,-3.2695652173913046,0.41739130434782606,-0.8347826086956521
1761999012.5009255,-3.4782608695652173,1.1130434782608696,-0.6260869565217392
1761999012.514717,-3.4782608695652173,0.8347826086956521,-0.2782608695652174
1761999012.5279484,-3.3391304347826085,0.8347826086956521,-0.6260869565217392
1761999012.5416117,-3.4782608695652173,0.9043478260869565,-0.9739130434782609
1761999012.5554476,-3.2,1.2521739130434784,-0.2782608695652174
1761999012.5694277,-3.6869565217391305,0.9043478260869565,-0.6956521739130435
1761999012.5830855,-2.8521739130434782,0.9739130434782609,-0.6956521739130435
1761999012.5968208,-3.4782608695652173,0.8347826086956521,-0.34782608695652173
1761999012.610462,-3.130434782608696,0.8347826086956521,-0.5565217391304348
1761999012.6237273,-3.3391304347826085,0.9739130434782609,-0.34782608695652173
1761999012.636945,-3.408695652173913,0.9043478260869565,-0.48695652173913045
1761999012.6501813,-3.3391304347826085,1.0434782608695652,-0.5565217391304348
1761999012.6634629,-3.4782608695652173,0.8347826086956521,-0.48695652173913045
1761999012.6769147,-3.408695652173913,0.9043478260869565,-0.6956521739130435
1761999012.6903346,-3.3391304347826085,0.8347826086956521,-0.6260869565217392
1761999012.7036018,-3.4782608695652173,1.0434782608695652,-0.5565217391304348
1761999012.716898,-3.408695652173913,0.9043478260869565,-0.48695652173913045
1761999012.7303429,-3.4782608695652173,0.9739130434782609,-0.6260869565217392
1761999012.7437677,-3.408695652173913,0.8347826086956521,-0.5565217391304348
1761999012.757056,-3.5478260869565217,0.9739130434782609,-0.34782608695652173
1761999012.7703044,-3.5478260869565217,1.0434782608695652,-0.41739130434782606
1761999012.7835765,-3.4782608695652173,1.0434782608695652,-0.41739130434782606
1761999012.7972052,-3.4782608695652173,1.182608695652174,-0.06956521739130435
1761999012.8109589,-3.4782608695652173,1.3217391304347825,-0.06956521739130435
1761999012.8241858,-3.4782608695652173,1.3217391304347825,0.0
1761999012.8373425,-3.0608695652173914,2.2956521739130435,-0.20869565217391303
1761999012.8523834,-3.3391304347826085,2.991304347826087,1.182608695652174
1761999012.8660047,-4.521739130434782,3.130434782608696,0.6260869565217392
1761999012.879235,-3.3391304347826085,1.8782608695652174,0.20869565217391303
1761999012.8924587,-3.408695652173913,1.2521739130434784,0.1391304347826087
1761999012.9056804,-3.4782608695652173,1.3217391304347825,0.5565217391304348
1761999012.9190726,-3.756521739130435,1.8782608695652174,0.8347826086956521
1761999012.9331079,-3.617391304347826,2.1565217391304348,1.1130434782608696
1761999012.946413,-3.408695652173913,1.6695652173913043,0.9739130434782609
1761999012.9597375,-3.2,1.2521739130434784,0.7652173913043478
1761999012.9729714,-3.130434782608696,0.48695652173913045,0.0
1761999012.9861748,-3.408695652173913,0.7652173913043478,0.06956521739130435
1761999012.999449,-3.5478260869565217,1.2521739130434784,0.48695652173913045
1761999013.0127199,-3.2695652173913046,1.6695652173913043,0.8347826086956521
1761999013.0259752,-3.2695652173913046,1.6,1.2521739130434784
1761999013.039174,-3.2,0.9739130434782609,2.017391304347826
1761999013.052378,-2.5739130434782607,0.06956521739130435,3.3391304347826085
1761999013.0655777,-2.9217391304347826,0.34782608695652173,3.8260869565217392
1761999013.078815,-2.991304347826087,0.7652173913043478,4.521739130434782
1761999013.092148,-3.408695652173913,1.8782608695652174,5.495652173913044
1761999013.105381,-3.5478260869565217,2.1565217391304348,6.191304347826087
1761999013.118639,-3.0608695652173914,0.7652173913043478,5.6347826086956525
1761999013.1320906,-3.4782608695652173,0.0,3.8956521739130436
1761999013.145499,-3.2695652173913046,-0.48695652173913045,3.4782608695652173
1761999013.1593275,-3.130434782608696,-1.2521739130434784,4.660869565217391
1761999013.1726577,-3.4782608695652173,-1.808695652173913,10.156521739130435
1761999013.186169,-1.391304347826087,-4.173913043478261,13.634782608695652
1761999013.1994228,-1.391304347826087,-5.217391304347826,18.017391304347825
1761999013.2128432,-2.782608695652174,3.8956521739130436,18.156521739130437
1761999013.226083,-1.808695652173913,0.5565217391304348,18.713043478260868
1761999013.239778,-1.5304347826086957,0.2782608695652174,16.765217391304347
1761999013.253692,0.1391304347826087,-1.808695652173913,21.495652173913044
1761999013.267502,2.4347826086956523,-4.034782608695652,28.243478260869566
1761999013.281259,0.1391304347826087,-2.8521739130434782,34.29565217391304
1761999013.294935,-8.278260869565218,-10.643478260869566,44.38260869565217
1761999013.308984,9.11304347826087,-16.069565217391304,50.017391304347825
1761999013.322873,4.591304347826087,-18.434782608695652,55.86086956521739
1761999013.3368835,-0.1391304347826087,-19.47826086956522,60.8
1761999013.3505337,-2.0869565217391304,-23.095652173913045,64.34782608695652
1761999013.3642192,-2.7130434782608694,-25.043478260869566,63.86086956521739
1761999013.3782265,-0.6260869565217392,-19.895652173913042,61.07826086956522
1761999013.3915207,-0.2782608695652174,-14.469565217391304,55.44347826086957
1761999013.4047954,1.182608695652174,-9.73913043478261,49.87826086956522
1761999013.4179885,3.756521739130435,-6.747826086956522,47.095652173913045
1761999013.4311638,-1.9478260869565218,-2.782608695652174,42.08695652173913
1761999013.4443603,-1.9478260869565218,0.2782608695652174,40.97391304347826
1761999013.457576,-6.052173913043478,1.808695652173913,41.321739130434786
1761999013.4717333,-5.7043478260869565,4.104347826086957,43.33913043478261
1761999013.4850712,-3.8956521739130436,4.3130434782608695,46.95652173913044
1761999013.4985058,1.8782608695652174,4.591304347826087,49.11304347826087
1761999013.5127172,-2.017391304347826,0.34782608695652173,53.982608695652175
1761999013.5265157,-0.5565217391304348,-3.8260869565217392,56.62608695652174
1761999013.5406651,1.1130434782608696,-6.121739130434783,60.8
1761999013.553892,-0.7652173913043478,-9.947826086956521,63.02608695652174
1761999013.5671031,-0.5565217391304348,-11.756521739130434,67.2
1761999013.5802941,0.6260869565217392,-11.68695652173913,69.42608695652174
1761999013.5935056,0.2782608695652174,-10.295652173913043,72.90434782608696
1761999013.6067185,-1.1130434782608696,-8.208695652173914,74.15652173913044
1761999013.619904,-0.1391304347826087,-6.3304347826086955,74.29565217391304
1761999013.6330838,-0.8347826086956521,-2.5739130434782607,75.82608695652173
1761999013.646257,-1.8782608695652174,1.6695652173913043,78.26086956521739
1761999013.6594048,1.8782608695652174,3.8956521739130436,80.13913043478261
1761999013.6726716,2.4347826086956523,7.51304347826087,84.52173913043478
1761999013.6858134,1.3217391304347825,9.391304347826088,87.65217391304348
1761999013.6989763,0.8347826086956521,12.591304347826087,87.9304347826087
1761999013.7121544,0.9739130434782609,16.069565217391304,86.33043478260869
1761999013.7252927,0.48695652173913045,17.73913043478261,82.57391304347826
1761999013.7384262,-0.1391304347826087,17.808695652173913,80.0
1761999013.751572,-3.3391304347826085,18.921739130434784,74.50434782608696
1761999013.7656527,-3.2,19.68695652173913,68.7304347826087
1761999013.78121,-1.391304347826087,23.234782608695653,67.61739130434782
1761999013.795229,-3.3391304347826085,25.11304347826087,65.18260869565218
1761999013.8091588,-0.9043478260869565,26.156521739130437,60.59130434782609
1761999013.8228602,-1.5304347826086957,26.08695652173913,56.48695652173913
1761999013.8364363,-3.756521739130435,23.930434782608696,53.495652173913044
1761999013.85103,-7.860869565217391,18.22608695652174,49.46086956521739
1761999013.8647738,-4.869565217391305,5.913043478260869,43.54782608695652
1761999013.878489,-9.11304347826087,1.5304347826086957,34.99130434782609
1761999013.8923821,-0.2782608695652174,-2.782608695652174,32.34782608695652
1761999013.9060552,-3.8956521739130436,-0.6260869565217392,27.68695652173913
1761999013.9198666,-6.539130434782609,4.3826086956521735,20.869565217391305
1761999013.9335308,-3.8956521739130436,5.6347826086956525,17.530434782608694
1761999013.9472623,-4.243478260869566,2.5739130434782607,8.486956521739131
1761999013.9609435,0.1391304347826087,-1.7391304347826086,-0.9043478260869565
1761999013.9745865,-4.452173913043478,-1.4608695652173913,-3.0608695652173914
1761999013.988196,-3.6869565217391305,0.9043478260869565,-8.626086956521739
1761999014.0019715,-3.965217391304348,0.20869565217391303,-14.052173913043479
1761999014.0160987,-3.6869565217391305,-1.9478260869565218,-16.695652173913043
1761999014.0295537,-3.3391304347826085,-1.6695652173913043,-16.695652173913043
1761999014.0427675,-5.147826086956521,0.1391304347826087,-17.878260869565217
1761999014.0559814,-3.5478260869565217,-0.5565217391304348,-22.469565217391306
1761999014.06917,-5.217391304347826,-2.2956521739130435,-25.391304347826086
1761999014.082491,-2.782608695652174,-2.5739130434782607,-33.947826086956525
1761999014.095733,-3.3391304347826085,-4.104347826086957,-45.07826086956522
1761999014.1091542,-2.365217391304348,-4.521739130434782,-50.017391304347825
1761999014.1223695,0.9739130434782609,-10.782608695652174,-58.78260869565217
1761999014.1359692,-0.20869565217391303,-10.852173913043478,-64.62608695652175
1761999014.1491702,-6.4,-16.695652173913043,-66.29565217391304
1761999014.1627617,1.182608695652174,-15.513043478260869,-70.95652173913044
1761999014.175953,7.026086956521739,-15.02608695652174,-79.65217391304348
1761999014.1892123,5.495652173913044,-13.147826086956522,-84.17391304347827
1761999014.2024472,-7.51304347826087,-14.121739130434783,-92.59130434782608
1761999014.2162845,-10.017391304347827,-14.608695652173912,-101.77391304347826
1761999014.2295382,-11.130434782608695,-12.31304347826087,-103.23478260869565
1761999014.2431047,-12.939130434782609,-10.295652173913043,-105.32173913043478
1761999014.256267,-10.57391304347826,-9.808695652173913,-105.6
1761999014.2707398,-5.7043478260869565,-6.817391304347826,-105.18260869565218
1761999014.284366,-6.191304347826087,-6.956521739130435,-104.55652173913043
1761999014.2977717,-8.695652173913043,-6.3304347826086955,-105.04347826086956
1761999014.3111498,-9.878260869565217,-4.730434782608696,-105.73913043478261
1761999014.3245583,-8.765217391304347,-1.4608695652173913,-108.38260869565218
1761999014.337976,-9.460869565217392,0.06956521739130435,-113.80869565217391
1761999014.3513477,-10.08695652173913,0.6260869565217392,-116.8
1761999014.3646364,-11.130434782608695,0.0,-121.6
1761999014.3780704,-10.156521739130435,2.7130434782608694,-125.84347826086956
1761999014.3913176,-8.556521739130435,4.3130434782608695,-126.95652173913044
1761999014.4048498,-8.626086956521739,10.156521739130435,-128.55652173913043
1761999014.4180753,-7.165217391304348,15.860869565217392,-131.0608695652174
1761999014.4313586,-7.095652173913043,18.85217391304348,-130.43478260869566
1761999014.4446309,-5.982608695652174,24.069565217391304,-128.27826086956523
1761999014.4580464,-2.4347826086956523,24.139130434782608,-125.98260869565217
1761999014.471294,-0.9739130434782609,21.843478260869563,-123.96521739130435
1761999014.4846005,-4.869565217391305,21.843478260869563,-120.55652173913043
1761999014.4981022,-3.8956521739130436,22.956521739130434,-115.1304347826087
1761999014.5114844,-9.73913043478261,23.582608695652173,-113.04347826086956
1761999014.524784,-17.11304347826087,12.31304347826087,-111.02608695652174
1761999014.538041,-9.808695652173913,0.7652173913043478,-110.67826086956522
1761999014.5512679,0.34782608695652173,-6.3304347826086955,-110.81739130434782
1761999014.5645683,2.7130434782608694,-1.5304347826086957,-111.02608695652174
1761999014.5778432,-3.5478260869565217,-7.304347826086956,-111.09565217391304
1761999014.5911,-5.426086956521739,-0.6956521739130435,-110.74782608695652
1761999014.6043239,-2.9217391304347826,1.6695652173913043,-108.31304347826087
1761999014.6176045,-7.095652173913043,2.4347826086956523,-104.83478260869565
1761999014.6308374,-6.4,3.965217391304348,-96.97391304347826
1761999014.6440895,-6.052173913043478,3.5478260869565217,-91.2
1761999014.6573224,-5.28695652173913,2.0869565217391304,-90.36521739130434
1761999014.670558,-2.1565217391304348,0.20869565217391303,-88.48695652173913
1761999014.683791,-0.41739130434782606,-0.8347826086956521,-85.28695652173913
1761999014.6970954,-0.9739130434782609,-0.9043478260869565,-82.85217391304347
1761999014.7103558,-3.2695652173913046,1.4608695652173913,-76.24347826086957
1761999014.723636,-5.843478260869565,2.782608695652174,-69.42608695652174
1761999014.736969,-6.121739130434783,3.8956521739130436,-65.87826086956522
1761999014.7506223,-4.034782608695652,1.6695652173913043,-59.06086956521739
1761999014.7640567,-3.0608695652173914,0.1391304347826087,-50.78260869565217
1761999014.7778978,-3.2695652173913046,2.5739130434782607,-45.56521739130435
1761999014.791574,-4.173913043478261,2.017391304347826,-34.43478260869565
1761999014.8053,-3.2,1.2521739130434784,-23.16521739130435
1761999014.8189335,-1.6,-0.06956521739130435,-16.973913043478262
1761999014.8326209,-3.3391304347826085,0.1391304347826087,-8.208695652173914
1761999014.8462324,-4.034782608695652,1.7391304347826086,-2.2956521739130435
1761999014.8598986,-3.408695652173913,1.3217391304347825,0.5565217391304348
1761999014.873872,-2.5739130434782607,1.391304347826087,1.3217391304347825
1761999014.8871288,-2.1565217391304348,2.0869565217391304,3.408695652173913
1761999014.9004338,-1.391304347826087,2.5043478260869567,4.521739130434782
1761999014.9136434,-2.991304347826087,3.0608695652173914,5.078260869565217
1761999014.9268727,-4.660869565217391,1.9478260869565218,6.121739130434783
1761999014.9400673,-3.756521739130435,2.991304347826087,9.530434782608696
1761999014.95335,-2.7130434782608694,0.6260869565217392,11.965217391304348
1761999014.9665642,-3.8260869565217392,1.6695652173913043,15.652173913043478
1761999014.9798942,-4.3826086956521735,2.365217391304348,17.73913043478261
1761999014.9930978,-5.008695652173913,2.5739130434782607,19.965217391304346
1761999015.0065694,-4.173913043478261,1.182608695652174,26.991304347826087
1761999015.0205462,-2.643478260869565,2.2956521739130435,35.96521739130435
1761999015.0339193,-2.7130434782608694,1.8782608695652174,41.530434782608694
1761999015.0472903,-3.617391304347826,2.2956521739130435,50.78260869565217
1761999015.0605035,-2.5739130434782607,-1.0434782608695652,56.69565217391305
1761999015.0736995,-3.6869565217391305,3.2,58.22608695652174
1761999015.0870502,-4.104347826086957,3.4782608695652173,59.47826086956522
1761999015.1003306,-4.591304347826087,5.495652173913044,62.26086956521739
1761999015.1135886,-4.452173913043478,2.991304347826087,71.58260869565217
1761999015.1272166,-4.3130434782608695,3.5478260869565217,82.15652173913044
1761999015.1406555,-5.565217391304348,4.591304347826087,87.30434782608695
1761999015.1538603,-6.052173913043478,6.052173913043478,95.9304347826087
1761999015.1670082,-4.173913043478261,2.365217391304348,101.49565217391304
1761999015.1801863,-3.5478260869565217,-0.48695652173913045,103.02608695652174
1761999015.1957097,-8.765217391304347,-3.5478260869565217,107.82608695652173
1761999015.2089472,2.5043478260869567,-10.434782608695652,109.77391304347826
1761999015.222161,-6.747826086956522,2.5739130434782607,114.99130434782609
1761999015.235325,-4.591304347826087,4.591304347826087,116.31304347826087
1761999015.2485018,-3.0608695652173914,-0.6260869565217392,123.75652173913043
1761999015.2617047,-4.243478260869566,-2.365217391304348,129.11304347826086
1761999015.2752495,-2.0869565217391304,0.34782608695652173,130.36521739130436
1761999015.2893207,-2.0869565217391304,0.6956521739130435,134.19130434782608
1761999015.3033063,-2.5739130434782607,2.0869565217391304,135.7913043478261
1761999015.31737,-3.6869565217391305,1.9478260869565218,134.12173913043478
1761999015.3306537,-2.5739130434782607,-0.2782608695652174,131.1304347826087
1761999015.343959,-4.521739130434782,0.8347826086956521,130.36521739130436
1761999015.3574102,-5.843478260869565,2.8521739130434782,129.6
1761999015.3706558,-5.773913043478261,2.5739130434782607,130.36521739130436
1761999015.3839734,-4.521739130434782,1.2521739130434784,134.4695652173913
1761999015.3971996,-2.9217391304347826,0.6956521739130435,136.97391304347826
1761999015.4108925,-3.2695652173913046,0.9739130434782609,145.6
1761999015.42416,-2.643478260869565,0.0,153.6
1761999015.4374168,-3.6869565217391305,0.6956521739130435,156.9391304347826
1761999015.4506967,-4.730434782608696,2.643478260869565,159.09565217391304
1761999015.464163,-5.6347826086956525,2.1565217391304348,156.66086956521738
1761999015.4777424,-4.104347826086957,0.48695652173913045,154.64347826086956
1761999015.4914074,-4.8,1.2521739130434784,150.95652173913044
1761999015.5050592,-5.008695652173913,0.9739130434782609,145.94782608695652
1761999015.518706,-5.356521739130435,1.808695652173913,141.91304347826087
1761999015.532348,-5.28695652173913,2.226086956521739,132.38260869565218
1761999015.545998,-5.773913043478261,0.41739130434782606,124.10434782608695
1761999015.5597215,-4.660869565217391,2.5043478260869567,116.10434782608695
1761999015.5734038,-4.730434782608696,0.9043478260869565,112.83478260869565
1761999015.5870943,-5.913043478260869,2.5739130434782607,106.29565217391304
1761999015.600787,-4.034782608695652,1.8782608695652174,100.52173913043478
1761999015.6150632,-5.147826086956521,2.226086956521739,96.97391304347826
1761999015.6290433,-5.28695652173913,2.365217391304348,92.8
1761999015.6429126,-4.521739130434782,2.5739130434782607,86.4
1761999015.6566398,-2.782608695652174,1.2521739130434784,79.58260869565217
1761999015.6700935,-4.104347826086957,1.182608695652174,76.10434782608695
1761999015.6833692,-5.426086956521739,3.756521739130435,66.36521739130434
1761999015.6967854,-3.2,-0.1391304347826087,56.278260869565216
1761999015.7102349,-4.452173913043478,0.9043478260869565,52.45217391304348
1761999015.7234976,-3.4782608695652173,1.7391304347826086,46.678260869565214
1761999015.7370327,-3.5478260869565217,1.3217391304347825,41.73913043478261
1761999015.7502663,-2.4347826086956523,0.06956521739130435,38.88695652173913
1761999015.7635365,-4.452173913043478,0.5565217391304348,34.08695652173913
1761999015.7768054,-3.8260869565217392,1.391304347826087,29.704347826086956
1761999015.7901518,-3.3391304347826085,1.8782608695652174,27.130434782608695
1761999015.8034747,-4.104347826086957,1.3217391304347825,23.791304347826088
1761999015.816844,-3.965217391304348,0.9739130434782609,19.130434782608695
1761999015.8304873,-3.617391304347826,0.5565217391304348,17.669565217391305
1761999015.8437696,-2.991304347826087,0.34782608695652173,13.704347826086957
1761999015.8570585,-4.452173913043478,1.391304347826087,8.556521739130435
1761999015.8710034,-3.617391304347826,0.41739130434782606,5.843478260869565
1761999015.8842416,-3.617391304347826,0.6956521739130435,1.808695652173913
1761999015.897452,-3.617391304347826,0.48695652173913045,-0.34782608695652173
1761999015.91066,-3.6869565217391305,0.7652173913043478,-1.3217391304347825
1761999015.9239097,-3.3391304347826085,0.9043478260869565,-2.643478260869565
1761999015.9371789,-3.408695652173913,0.6956521739130435,-2.7130434782608694
1761999015.9508646,-3.2695652173913046,0.2782608695652174,-2.991304347826087
1761999015.9646304,-3.0608695652173914,-0.06956521739130435,-4.034782608695652
1761999015.9782825,-2.782608695652174,-0.1391304347826087,-4.660869565217391
1761999015.9919064,-3.0608695652173914,-0.41739130434782606,-5.28695652173913
1761999016.0055804,-2.7130434782608694,-1.0434782608695652,-8.0
1761999016.0191107,-3.130434782608696,0.8347826086956521,-8.97391304347826
1761999016.0327408,-3.8260869565217392,0.2782608695652174,-10.782608695652174
1761999016.0463047,-0.34782608695652173,-5.843478260869565,-19.06086956521739
1761999016.0598617,-1.8782608695652174,-3.8260869565217392,-28.52173913043478
1761999016.074011,-0.34782608695652173,-1.6695652173913043,-37.07826086956522
1761999016.0876303,-4.660869565217391,0.06956521739130435,-41.18260869565217
1761999016.101258,-4.3826086956521735,2.2956521739130435,-51.89565217391304
1761999016.114917,-5.008695652173913,-3.2695652173913046,-59.47826086956522
1761999016.1291213,5.913043478260869,-4.521739130434782,-61.982608695652175
1761999016.1426609,-0.2782608695652174,-1.7391304347826086,-68.8695652173913
1761999016.1723986,-3.2695652173913046,3.756521739130435,-90.57391304347826
1761999016.1856089,-1.1130434782608696,3.2695652173913046,-97.6
1761999016.1988006,-3.617391304347826,1.182608695652174,-107.75652173913043
1761999016.211989,-0.9739130434782609,0.41739130434782606,-118.4695652173913
1761999016.2252827,-2.8521739130434782,0.1391304347826087,-123.1304347826087
1761999016.239714,-3.3391304347826085,-0.41739130434782606,-130.71304347826086
1761999016.25297,-2.643478260869565,-1.182608695652174,-136.1391304347826
1761999016.2662077,-2.226086956521739,-0.8347826086956521,-136.34782608695653
1761999016.279472,-4.591304347826087,0.06956521739130435,-135.58260869565217
1761999016.292944,-5.913043478260869,1.6695652173913043,-134.19130434782608
1761999016.3061516,-2.226086956521739,0.9739130434782609,-132.73043478260868
1761999016.319351,-4.869565217391305,0.9043478260869565,-128.2086956521739
1761999016.3326533,-0.9739130434782609,3.130434782608696,-120.55652173913043
1761999016.3459952,-8.208695652173914,6.260869565217392,-116.52173913043478
1761999016.3592005,-7.582608695652174,6.052173913043478,-106.22608695652174
1761999016.3724906,-2.4347826086956523,-0.20869565217391303,-95.30434782608695
1761999016.3858316,-4.521739130434782,-12.869565217391305,-87.30434782608695
1761999016.3991659,4.452173913043478,-0.5565217391304348,-72.76521739130435
1761999016.4130757,-10.156521739130435,7.443478260869565,-57.11304347826087
1761999016.426313,-4.660869565217391,0.8347826086956521,-50.92173913043478
1761999016.4394913,-2.2956521739130435,-3.3391304347826085,-38.88695652173913
1761999016.4527416,-4.591304347826087,4.521739130434782,-21.704347826086956
1761999016.4659655,-2.782608695652174,3.5478260869565217,-13.91304347826087
1761999016.4791858,-3.617391304347826,-0.06956521739130435,-0.20869565217391303
1761999016.4924462,-3.2695652173913046,0.41739130434782606,4.730434782608696
1761999016.5056694,-5.356521739130435,2.365217391304348,2.9217391304347826
1761999016.5193396,-2.643478260869565,-1.0434782608695652,2.0869565217391304
1761999016.533071,-3.8956521739130436,1.5304347826086957,4.104347826086957
1761999016.5467565,-4.660869565217391,0.7652173913043478,3.965217391304348
1761999016.560459,-3.756521739130435,1.182608695652174,1.0434782608695652
1761999016.5741174,-3.617391304347826,1.0434782608695652,-1.1130434782608696
1761999016.588425,-3.5478260869565217,0.6956521739130435,0.48695652173913045
1761999016.6021724,-3.3391304347826085,0.8347826086956521,0.6956521739130435
1761999016.615949,-3.6869565217391305,1.0434782608695652,-0.34782608695652173
1761999016.629168,-3.408695652173913,1.0434782608695652,0.6260869565217392
1761999016.6424308,-3.2,0.48695652173913045,0.9739130434782609
1761999016.6557605,-3.0608695652173914,0.2782608695652174,0.5565217391304348
1761999016.668975,-3.0608695652173914,0.1391304347826087,1.391304347826087
1761999016.682354,-1.8782608695652174,-0.1391304347826087,2.7130434782608694
1761999016.69557,-2.1565217391304348,0.5565217391304348,7.234782608695652
1761999016.708881,-0.6956521739130435,-0.1391304347826087,9.11304347826087
1761999016.722095,2.7130434782608694,-1.7391304347826086,12.173913043478262
1761999016.735332,3.2,-1.5304347826086957,14.4
1761999016.7486541,-2.1565217391304348,-1.9478260869565218,15.513043478260869
1761999016.7632763,-5.28695652173913,3.130434782608696,16.278260869565216
1761999016.7766502,-4.591304347826087,1.9478260869565218,15.304347826086957
1761999016.789925,-0.5565217391304348,-2.643478260869565,13.28695652173913
1761999016.8037593,-0.1391304347826087,-1.1130434782608696,12.660869565217391
1761999016.8174055,1.6,-1.808695652173913,13.147826086956522
1761999016.831034,1.182608695652174,-4.104347826086957,10.57391304347826
1761999016.844728,-7.721739130434782,-7.165217391304348,8.139130434782608
1761999016.8585825,0.5565217391304348,-9.808695652173913,0.34782608695652173
1761999016.8843036,3.2695652173913046,-17.530434782608694,-2.365217391304348
1761999016.897584,1.5304347826086957,-34.08695652173913,-4.3826086956521735
1761999016.9115052,5.913043478260869,-39.44347826086957,-8.626086956521739
1761999016.9251108,4.521739130434782,-51.61739130434783,-9.043478260869565
1761999016.9384794,1.391304347826087,-69.35652173913043,-11.269565217391305
1761999016.9517243,3.2,-81.87826086956522,-12.452173913043477
1761999016.9649975,13.91304347826087,-85.84347826086956,-13.356521739130434
1761999016.978269,23.095652173913045,-96.69565217391305,-16.278260869565216
1761999016.9917154,29.565217391304348,-106.36521739130434,-19.269565217391303
1761999017.004977,36.93913043478261,-107.3391304347826,-19.339130434782607
1761999017.0199819,35.47826086956522,-111.65217391304348,-16.765217391304347
1761999017.0335379,28.591304347826085,-111.72173913043478,-14.539130434782608
1761999017.0472188,22.330434782608695,-109.98260869565217,-11.617391304347827
1761999017.0608215,8.97391304347826,-105.94782608695652,-9.669565217391304
1761999017.074708,-9.530434782608696,-99.47826086956522,-3.8956521739130436
1761999017.089686,-21.704347826086956,-93.91304347826087,0.8347826086956521
1761999017.10331,-44.03478260869565,-92.52173913043478,2.365217391304348
1761999017.116894,-66.22608695652174,-93.56521739130434,3.2695652173913046
1761999017.130669,-83.75652173913043,-98.36521739130434,5.078260869565217
1761999017.1441922,-89.66956521739131,-102.95652173913044,6.678260869565217
1761999017.1579597,-96.27826086956522,-105.11304347826086,7.6521739130434785
1761999017.171592,-99.47826086956522,-112.62608695652175,8.904347826086957
1761999017.1855547,-94.19130434782609,-118.88695652173914,6.886956521739131
1761999017.1992579,-87.16521739130435,-118.88695652173914,5.078260869565217
1761999017.2131536,-70.6086956521739,-113.94782608695652,2.1565217391304348
1761999017.2268198,-51.40869565217391,-102.12173913043478,1.5304347826086957
1761999017.2411635,-43.96521739130435,-90.57391304347826,1.9478260869565218
1761999017.2548575,-31.37391304347826,-84.6608695652174,1.5304347826086957
1761999017.2698941,-22.678260869565218,-66.71304347826087,2.0869565217391304
1761999017.2834907,-15.791304347826086,-47.582608695652176,2.782608695652174
1761999017.2971735,-11.478260869565217,-22.26086956521739,1.8782608695652174
1761999017.3107498,-4.591304347826087,-13.565217391304348,0.9739130434782609
1761999017.3243568,-1.9478260869565218,0.6260869565217392,-1.4608695652173913
1761999017.3379476,-0.41739130434782606,8.069565217391304,-5.495652173913044
1761999017.351561,0.06956521739130435,11.408695652173913,-7.095652173913043
1761999017.3654435,1.3217391304347825,18.017391304347825,-8.904347826086957
1761999017.3792005,4.104347826086957,28.869565217391305,-9.808695652173913
1761999017.3928492,5.982608695652174,35.61739130434783,-9.878260869565217
1761999017.4065812,7.791304347826087,52.7304347826087,-9.808695652173913
1761999017.4198034,7.443478260869565,71.72173913043478,-8.626086956521739
1761999017.4330149,6.678260869565217,79.37391304347825,-8.0
1761999017.4462283,2.2956521739130435,93.35652173913043,-7.860869565217391
1761999017.460144,-1.6695652173913043,105.04347826086956,-7.721739130434782
1761999017.4747767,-2.782608695652174,114.43478260869566,-6.469565217391304
1761999017.4881892,-0.6956521739130435,118.4,-5.217391304347826
1761999017.5019584,5.426086956521739,127.65217391304348,-1.4608695652173913
1761999017.5157602,14.956521739130435,135.8608695652174,1.808695652173913
1761999017.5295355,20.52173913043478,138.8521739130435,4.173913043478261
1761999017.543404,30.956521739130434,140.9391304347826,4.3826086956521735
1761999017.5570958,37.91304347826087,148.8695652173913,3.617391304347826
1761999017.5708997,42.78260869565217,154.43478260869566,-3.408695652173913
1761999017.584593,54.74782608695652,156.24347826086955,-6.260869565217392
1761999017.598212,66.08695652173913,157.35652173913044,-10.365217391304348
1761999017.6118135,83.47826086956522,155.2,-10.156521739130435
1761999017.6254926,92.6608695652174,153.18260869565216,-7.791304347826087
1761999017.6392183,111.86086956521739,147.26956521739132,-2.4347826086956523
1761999017.6524026,127.51304347826087,138.9217391304348,1.3217391304347825
1761999017.6655772,132.38260869565218,134.95652173913044,2.9217391304347826
1761999017.678769,136.83478260869566,132.8,6.469565217391304
1761999017.6919255,136.55652173913043,130.01739130434783,7.165217391304348
1761999017.70513,129.11304347826086,127.79130434782608,6.469565217391304
1761999017.7183127,109.84347826086956,124.38260869565218,7.026086956521739
1761999017.7316399,96.27826086956522,115.82608695652173,8.069565217391304
1761999017.7449434,65.3913043478261,112.20869565217392,7.582608695652174
1761999017.7581656,37.07826086956522,103.23478260869565,2.4347826086956523
1761999017.7715895,21.42608695652174,98.22608695652174,-2.9217391304347826
1761999017.7849784,-6.3304347826086955,86.4,-3.617391304347826
1761999017.798184,-28.034782608695654,74.78260869565217,4.3130434782608695
1761999017.8118298,-37.00869565217391,57.80869565217391,12.382608695652173
1761999017.8250532,-50.36521739130435,49.80869565217391,14.747826086956522
1761999017.8382468,-63.44347826086957,31.791304347826088,19.2
1761999017.851416,-69.28695652173913,23.51304347826087,19.269565217391303
1761999017.8646297,-71.16521739130435,9.808695652173913,16.208695652173912
1761999017.8777852,-66.01739130434783,-2.017391304347826,10.08695652173913
1761999017.8911262,-60.17391304347826,-6.539130434782609,6.817391304347826
1761999017.9048526,-45.356521739130436,-12.730434782608695,1.5304347826086957
1761999017.918033,-28.93913043478261,-18.156521739130437,-1.1130434782608696
1761999017.931176,-20.31304347826087,-21.565217391304348,-2.0869565217391304
1761999017.9444895,-3.6869565217391305,-32.69565217391305,-5.773913043478261
1761999017.95778,7.373913043478261,-46.74782608695652,-10.504347826086956
1761999017.9711733,10.156521739130435,-54.19130434782609,-12.591304347826087
1761999017.9843564,10.365217391304348,-68.10434782608695,-15.373913043478261
1761999017.99759,4.591304347826087,-78.5391304347826,-16.0
1761999018.0107374,0.48695652173913045,-84.17391304347827,-16.347826086956523
1761999018.0241485,-10.434782608695652,-98.85217391304347,-14.817391304347826
1761999018.037437,-18.22608695652174,-115.06086956521739,-12.104347826086956
1761999018.050715,-33.6,-121.73913043478261,-12.521739130434783
1761999018.0638692,-51.68695652173913,-128.55652173913043,-14.121739130434783
1761999018.077552,-62.12173913043478,-124.52173913043478,-18.156521739130437
1761999018.0907755,-82.92173913043479,-121.5304347826087,-21.495652173913044
1761999018.1043868,-99.3391304347826,-117.77391304347826,-25.530434782608694
1761999018.117638,-104.97391304347826,-125.14782608695653,-23.37391304347826
1761999018.130876,-111.09565217391304,-133.0086956521739,-22.330434782608695
1761999018.1445227,-111.02608695652174,-147.1304347826087,-21.286956521739132
1761999018.1581442,-108.7304347826087,-156.31304347826088,-19.68695652173913
1761999018.1713798,-104.0,-158.7478260869565,-19.06086956521739
1761999018.1846635,-99.47826086956522,-158.05217391304348,-17.6
1761999018.198998,-93.77391304347826,-155.1304347826087,-16.765217391304347
1761999018.212763,-91.68695652173913,-153.3217391304348,-15.860869565217392
1761999018.2260425,-84.45217391304348,-158.81739130434784,-17.94782608695652
1761999018.2393026,-74.50434782608696,-158.88695652173914,-21.63478260869565
1761999018.2526553,-68.7304347826087,-156.73043478260868,-24.0
1761999018.2660203,-56.417391304347824,-139.96521739130435,-26.017391304347825
1761999018.2792864,-44.8,-113.87826086956522,-25.043478260869566
1761999018.2926188,-39.582608695652176,-102.74782608695652,-25.391304347826086
1761999018.306882,-29.982608695652175,-85.77391304347826,-27.68695652173913
1761999018.3201556,-15.721739130434782,-77.70434782608696,-32.208695652173915
1761999018.3333564,-7.095652173913043,-72.83478260869565,-33.6
1761999018.3465397,11.826086956521738,-62.26086956521739,-35.47826086956522
1761999018.3597233,27.895652173913042,-47.721739130434784,-34.643478260869564
1761999018.3729136,32.48695652173913,-39.93043478260869,-33.73913043478261
1761999018.3867378,32.208695652173915,-25.11304347826087,-31.16521739130435
1761999018.4013689,22.330434782608695,-15.582608695652175,-28.660869565217393
1761999018.417235,15.304347826086957,-9.252173913043478,-25.530434782608694
1761999018.430951,-0.2782608695652174,2.0869565217391304,-21.91304347826087
1761999018.4441853,-16.139130434782608,8.417391304347825,-20.660869565217393
1761999018.4573908,-31.234782608695653,22.747826086956522,-16.83478260869565
1761999018.4705963,-37.495652173913044,28.8,-10.504347826086956
1761999018.484018,-47.65217391304348,39.791304347826085,-6.678260869565217
1761999018.4972334,-50.99130434782609,50.15652173913043,1.0434782608695652
1761999018.5106738,-49.947826086956525,56.06956521739131,8.765217391304347
1761999018.523901,-41.321739130434786,69.63478260869566,11.826086956521738
1761999018.537147,-30.53913043478261,84.7304347826087,18.22608695652174
1761999018.5504577,-24.069565217391304,91.3391304347826,20.452173913043477
1761999018.5637076,-13.565217391304348,102.5391304347826,24.83478260869565
1761999018.576952,-5.28695652173913,111.02608695652174,28.730434782608697
1761999018.590226,-1.6695652173913043,115.2695652173913,30.469565217391306
1761999018.603418,4.8,122.29565217391304,33.321739130434786
1761999018.6167474,7.304347826086956,130.8521739130435,36.17391304347826
1761999018.6301837,15.095652173913043,134.19130434782608,37.28695652173913
1761999018.6433423,25.73913043478261,139.89565217391305,37.70434782608696
1761999018.6566613,31.791304347826088,146.9913043478261,32.06956521739131
1761999018.670424,45.07826086956522,151.09565217391304,27.895652173913042
1761999018.6838036,57.11304347826087,154.8521739130435,19.617391304347827
1761999018.6984859,70.4695652173913,149.84347826086957,16.347826086956523
1761999018.7116988,78.4,143.7913043478261,16.278260869565216
1761999018.7251143,90.92173913043479,131.82608695652175,16.347826086956523
1761999018.738312,98.78260869565217,122.36521739130434,12.034782608695652
1761999018.751528,100.52173913043478,119.72173913043478,7.791304347826087
1761999018.7647634,101.21739130434783,112.76521739130435,-1.6
1761999018.7779887,95.65217391304348,108.59130434782608,-3.756521739130435
1761999018.7911875,89.94782608695652,110.5391304347826,-2.991304347826087
1761999018.804383,74.22608695652174,114.64347826086957,-5.217391304347826
1761999018.8176007,63.30434782608695,115.54782608695652,-8.556521739130435
1761999018.831002,35.33913043478261,113.80869565217391,-9.391304347826088
1761999018.8447845,8.695652173913043,104.90434782608696,-8.626086956521739
1761999018.8580372,-14.817391304347826,92.6608695652174,-3.130434782608696
1761999018.8712816,-25.043478260869566,86.74782608695652,-0.1391304347826087
1761999018.8845136,-37.426086956521736,76.8,5.7043478260869565
1761999018.897733,-39.93043478260869,68.03478260869565,10.852173913043478
1761999018.9109504,-38.12173913043478,64.20869565217392,13.356521739130434
1761999018.9241624,-29.982608695652175,58.017391304347825,16.973913043478262
1761999018.9373653,-24.347826086956523,55.44347826086957,16.278260869565216
1761999018.9505982,-10.782608695652174,45.982608695652175,14.191304347826087
1761999018.964509,3.8956521739130436,28.869565217391305,7.930434782608696
1761999018.9785676,9.808695652173913,11.965217391304348,3.8956521739130436
1761999018.9926624,20.52173913043478,0.5565217391304348,1.182608695652174
1761999019.0065372,28.93913043478261,-25.73913043478261,-6.121739130434783
1761999019.0198371,32.76521739130435,-53.426086956521736,-12.869565217391305
1761999019.0331023,33.11304347826087,-66.36521739130434,-15.165217391304347
1761999019.0464897,34.85217391304348,-91.68695652173913,-19.756521739130434
1761999019.0597048,34.643478260869564,-116.59130434782608,-25.391304347826086
1761999019.073205,32.417391304347824,-128.83478260869566,-28.452173913043477
1761999019.0864658,22.26086956521739,-149.2173913043478,-33.6695652173913
1761999019.0997162,8.834782608695653,-162.9913043478261,-36.59130434782609
1761999019.1129339,0.7652173913043478,-166.81739130434784,-35.82608695652174
1761999019.1263363,-13.565217391304348,-167.30434782608697,-26.504347826086956
1761999019.1402006,-23.304347826086957,-167.09565217391304,-14.88695652173913
1761999019.153453,-20.52173913043478,-167.30434782608697,-14.052173913043479
1761999019.166666,-18.295652173913044,-171.82608695652175,-18.504347826086956
1761999019.1799018,-20.660869565217393,-171.0608695652174,-24.62608695652174
1761999019.1931195,-25.669565217391305,-167.16521739130434,-25.6
1761999019.2065604,-32.0,-159.30434782608697,-26.434782608695652
1761999019.219786,-35.96521739130435,-153.3217391304348,-26.643478260869564
1761999019.2331007,-40.13913043478261,-151.02608695652174,-27.06086956521739
1761999019.2462962,-43.756521739130434,-146.01739130434783,-27.269565217391303
1761999019.2595708,-43.2695652173913,-143.23478260869564,-25.669565217391305
1761999019.2728248,-37.356521739130436,-142.2608695652174,-23.860869565217392
1761999019.2864366,-30.88695652173913,-140.45217391304348,-19.06086956521739
1761999019.3013327,-27.965217391304346,-138.57391304347826,-14.539130434782608
1761999019.314737,-23.026086956521738,-136.48695652173913,-11.2
1761999019.3283174,-23.095652173913045,-125.98260869565217,-8.695652173913043
1761999019.3416116,-27.408695652173915,-111.23478260869565,-4.3826086956521735
1761999019.3548138,-30.608695652173914,-103.72173913043478,-2.991304347826087
1761999019.3692565,-41.04347826086956,-86.5391304347826,-1.6695652173913043
1761999019.3833718,-50.08695652173913,-73.04347826086956,-2.226086956521739
1761999019.3971062,-55.51304347826087,-65.11304347826086,-2.365217391304348
1761999019.410767,-56.834782608695654,-60.8,-2.1565217391304348
1761999019.4250169,-55.095652173913045,-50.017391304347825,-0.6260869565217392
1761999019.4388998,-49.6,-37.426086956521736,1.4608695652173913
1761999019.4532614,-46.469565217391306,-22.121739130434783,2.643478260869565
1761999019.466483,-39.51304347826087,-13.91304347826087,2.782608695652174
1761999019.4797862,-33.947826086956525,1.7391304347826086,2.5739130434782607
1761999019.4930813,-31.234782608695653,14.26086956521739,2.991304347826087
1761999019.506565,-25.878260869565217,20.52173913043478,4.173913043478261
1761999019.5198438,-21.217391304347824,34.643478260869564,7.165217391304348
1761999019.5330665,-19.130434782608695,50.017391304347825,10.782608695652174
1761999019.5463305,-15.304347826086957,57.18260869565217,12.591304347826087
1761999019.559554,-11.130434782608695,70.5391304347826,15.02608695652174
1761999019.5728092,-8.139130434782608,75.89565217391305,15.652173913043478
1761999019.5860138,-4.452173913043478,85.91304347826087,16.278260869565216
1761999019.5992143,-2.017391304347826,96.0,17.46086956521739
1761999019.6129549,-1.6695652173913043,100.6608695652174,20.8
1761999019.6266649,-3.3391304347826085,111.16521739130435,23.234782608695653
1761999019.640775,-7.721739130434782,121.66956521739131,29.286956521739132
1761999019.654552,-14.26086956521739,132.45217391304348,35.89565217391304
1761999019.6683006,-16.417391304347827,136.62608695652173,38.81739130434783
1761999019.6819012,-20.104347826086958,144.1391304347826,44.45217391304348
1761999019.6956968,-22.330434782608695,152.69565217391303,50.08695652173913
1761999019.7092912,-22.121739130434783,155.68695652173912,53.56521739130435
1761999019.7228951,-22.747826086956522,156.52173913043478,54.26086956521739
1761999019.7364752,-20.31304347826087,153.4608695652174,54.88695652173913
1761999019.750585,-18.782608695652176,140.17391304347825,54.052173913043475
1761999019.7640414,-12.8,132.59130434782608,54.4
1761999019.7772782,-7.026086956521739,119.37391304347825,56.834782608695654
1761999019.7922409,-4.034782608695652,110.95652173913044,56.34782608695652
1761999019.8067145,2.365217391304348,106.92173913043479,53.14782608695652
1761999019.8204684,6.678260869565217,103.72173913043478,50.71304347826087
1761999019.8345275,11.408695652173913,92.03478260869565,44.243478260869566
1761999019.8479388,14.608695652173912,74.15652173913044,34.71304347826087
1761999019.8611465,15.373913043478261,62.53913043478261,30.191304347826087
1761999019.8746002,17.391304347826086,40.13913043478261,23.860869565217392
1761999019.8878393,14.678260869565218,21.91304347826087,18.782608695652176
1761999019.901379,12.31304347826087,14.817391304347826,16.347826086956523
1761999019.9153497,5.495652173913044,3.8956521739130436,11.130434782608695
1761999019.929117,-3.8260869565217392,-7.373913043478261,5.913043478260869
1761999019.9426541,-9.321739130434782,-13.147826086956522,2.2956521739130435
1761999019.9568615,-20.52173913043478,-20.8,0.6260869565217392
1761999019.970083,-32.0,-24.695652173913043,-2.0869565217391304
1761999019.9835403,-37.14782608695652,-25.669565217391305,-4.452173913043478
1761999019.9972749,-45.356521739130436,-25.878260869565217,-5.843478260869565
1761999020.010555,-49.73913043478261,-25.182608695652174,-8.626086956521739
1761999020.0244622,-50.78260869565217,-22.678260869565218,-8.695652173913043
1761999020.0376952,-51.61739130434783,-21.008695652173913,-7.791304347826087
1761999020.050938,-49.6,-17.391304347826086,-6.3304347826086955
1761999020.0642107,-48.208695652173915,-14.817391304347826,-5.913043478260869
1761999020.077517,-45.00869565217391,-13.843478260869565,-5.843478260869565
1761999020.0907657,-40.0,-10.434782608695652,-5.008695652173913
1761999020.1040058,-36.59130434782609,-7.373913043478261,-1.8782608695652174
1761999020.11725,-28.104347826086958,-6.4,0.20869565217391303
1761999020.1306312,-17.530434782608694,-3.4782608695652173,3.8260869565217392
1761999020.143877,-12.730434782608695,-2.226086956521739,7.721739130434782
1761999020.158205,-5.426086956521739,-0.9043478260869565,11.130434782608695
1761999020.1717587,2.226086956521739,3.0608695652173914,17.46086956521739
1761999020.1853168,16.973913043478262,8.834782608695653,21.356521739130436
1761999020.1988852,24.417391304347827,10.782608695652174,22.817391304347826
1761999020.2121053,33.391304347826086,5.078260869565217,26.434782608695652
1761999020.2255788,38.052173913043475,10.017391304347827,27.408695652173915
1761999020.23913,42.71304347826087,13.843478260869565,28.730434782608697
1761999020.252776,42.85217391304348,5.078260869565217,27.617391304347827
1761999020.2663295,38.26086956521739,-8.208695652173914,28.730434782608697
1761999020.279884,33.25217391304348,-9.391304347826088,27.895652173913042
1761999020.2934358,23.443478260869565,-5.078260869565217,24.278260869565216
1761999020.3070228,10.852173913043478,3.2,19.339130434782607
1761999020.3208308,1.5304347826086957,5.078260869565217,14.191304347826087
1761999020.3349674,-13.28695652173913,6.608695652173913,11.060869565217391
1761999020.3488665,-26.295652173913044,7.582608695652174,8.139130434782608
1761999020.3623915,-40.417391304347824,12.173913043478262,6.817391304347826
1761999020.375721,-45.495652173913044,15.443478260869565,6.121739130434783
1761999020.388973,-58.78260869565217,17.391304347826086,4.452173913043478
1761999020.4022114,-66.15652173913044,17.252173913043478,3.130434782608696
1761999020.4157264,-81.32173913043478,18.017391304347825,3.6869565217391305
1761999020.428987,-96.55652173913043,20.243478260869566,7.026086956521739
1761999020.442699,-102.12173913043478,20.591304347826085,10.08695652173913
1761999020.4561746,-111.79130434782608,18.434782608695652,11.408695652173913
1761999020.469431,-121.6,13.634782608695652,12.869565217391305
1761999020.4826422,-127.02608695652174,8.626086956521739,11.756521739130434
1761999020.4958808,-139.68695652173912,6.469565217391304,9.947826086956521
1761999020.5091095,-149.84347826086957,1.9478260869565218,5.426086956521739
1761999020.5223086,-156.9391304347826,-3.756521739130435,3.4782608695652173
1761999020.5354843,-169.4608695652174,-5.078260869565217,2.5739130434782607
1761999020.54933,-178.71304347826086,-10.643478260869566,3.8956521739130436
1761999020.5625954,-184.0695652173913,-19.965217391304346,7.51304347826087
1761999020.575847,-191.23478260869564,-23.234782608695653,7.443478260869565
1761999020.5891354,-187.75652173913045,-24.83478260869565,4.034782608695652
1761999020.602445,-186.9217391304348,-23.095652173913045,-2.991304347826087
1761999020.6157117,-177.87826086956522,-20.104347826086958,-6.260869565217392
1761999020.62913,-168.90434782608696,-14.956521739130435,-8.695652173913043
1761999020.642344,-167.72173913043477,-14.26086956521739,-3.2695652173913046
1761999020.6555183,-170.22608695652173,-10.71304347826087,-0.1391304347826087
1761999020.6687727,-165.0086956521739,-6.191304347826087,0.9043478260869565
1761999020.6819966,-165.70434782608694,-6.747826086956522,0.1391304347826087
1761999020.697235,-164.66086956521738,-2.5043478260869567,0.5565217391304348
1761999020.7108634,-155.82608695652175,-1.3217391304347825,-0.9739130434782609
1761999020.7245092,-149.49565217391304,-1.4608695652173913,0.41739130434782606
1761999020.7377708,-142.3304347826087,-0.2782608695652174,2.5043478260869567
1761999020.751064,-126.4,-2.782608695652174,5.008695652173913
1761999020.7643645,-101.35652173913043,-3.4782608695652173,5.147826086956521
1761999020.7776177,-84.45217391304348,-0.9739130434782609,4.869565217391305
1761999020.7908726,-51.756521739130434,-6.3304347826086955,1.5304347826086957
1761999020.8047254,-37.84347826086957,-10.226086956521739,-1.808695652173913
1761999020.8179874,-10.643478260869566,-8.97391304347826,-1.7391304347826086
1761999020.8312407,12.034782608695652,-6.956521739130435,0.7652173913043478
1761999020.8444662,24.139130434782608,-0.9043478260869565,0.34782608695652173
1761999020.857746,50.92173913043478,3.4782608695652173,-1.7391304347826086
1761999020.8709729,71.51304347826087,6.052173913043478,-4.243478260869566
1761999020.8842072,76.31304347826087,3.2695652173913046,-3.6869565217391305
1761999020.897421,79.86086956521739,2.643478260869565,-4.730434782608696
1761999020.9106152,79.58260869565217,-0.48695652173913045,-10.017391304347827
1761999020.924177,78.74782608695652,-2.226086956521739,-15.721739130434782
1761999020.937372,83.61739130434782,-4.3130434782608695,-17.11304347826087
1761999020.9505754,94.67826086956522,-8.556521739130435,-18.504347826086956
1761999020.963779,102.67826086956522,-10.08695652173913,-18.504347826086956
1761999020.9769752,120.62608695652175,-14.608695652173912,-18.643478260869564
1761999020.990178,141.1478260869565,-15.095652173913043,-18.643478260869564
1761999021.003352,152.62608695652173,-14.678260869565218,-20.452173913043477
1761999021.0166175,177.11304347826086,-6.747826086956522,-24.069565217391304
1761999021.0298128,203.1304347826087,0.8347826086956521,-26.22608695652174
1761999021.0430162,216.76521739130436,6.260869565217392,-26.85217391304348
1761999021.0562024,239.30434782608697,9.043478260869565,-29.565217391304348
1761999021.0693882,248.97391304347826,11.060869565217391,-31.304347826086957
1761999021.0825713,265.8782608695652,13.495652173913044,-32.0
1761999021.095776,279.16521739130434,18.643478260869564,-33.321739130434786
1761999021.1089702,285.9130434782609,22.817391304347826,-28.8
1761999021.1221771,302.1913043478261,27.2,-25.11304347826087
1761999021.1358173,323.75652173913045,28.034782608695654,-19.2
1761999021.1616073,312.55652173913046,21.565217391304348,-11.826086956521738
1761999021.1748397,279.9304347826087,19.2,-10.08695652173913
1761999021.188087,259.0608695652174,23.791304347826088,-4.730434782608696
1761999021.2013357,221.0086956521739,24.48695652173913,2.7130434782608694
1761999021.2150345,182.7478260869565,19.82608695652174,4.3826086956521735
1761999021.2289824,162.7826086956522,16.278260869565216,-0.34782608695652173
1761999021.2422287,122.71304347826087,10.434782608695652,-4.034782608695652
1761999021.2554877,90.01739130434783,5.7043478260869565,-9.878260869565217
1761999021.2688148,80.69565217391305,4.591304347826087,-10.921739130434782
1761999021.2820883,73.11304347826086,-1.1130434782608696,-10.295652173913043
1761999021.2953963,73.94782608695652,-3.6869565217391305,-7.443478260869565
1761999021.308702,74.92173913043479,-2.782608695652174,-5.078260869565217
1761999021.3222363,78.81739130434782,2.365217391304348,-2.017391304347826
1761999021.3355348,89.66956521739131,7.6521739130434785,-2.4347826086956523
1761999021.3488407,97.4608695652174,9.391304347826088,-3.617391304347826
1761999021.3624377,119.02608695652174,14.121739130434783,-8.486956521739131
1761999021.376258,143.65217391304347,17.878260869565217,-13.356521739130434
1761999021.389531,154.50434782608696,20.17391304347826,-15.930434782608696
1761999021.4027758,167.72173913043477,25.321739130434782,-21.14782608695652
1761999021.4162714,167.58260869565217,31.930434782608696,-23.791304347826088
1761999021.4295266,164.17391304347825,34.99130434782609,-24.0
1761999021.4429965,151.8608695652174,38.469565217391306,-20.93913043478261
1761999021.4562244,138.64347826086956,37.84347826086957,-18.85217391304348
1761999021.4700937,129.94782608695652,36.31304347826087,-19.617391304347827
1761999021.4834201,109.07826086956521,31.582608695652173,-16.83478260869565
1761999021.4967544,84.45217391304348,21.565217391304348,-16.139130434782608
1761999021.509983,68.8695652173913,16.765217391304347,-15.234782608695653
1761999021.523341,25.391304347826086,9.460869565217392,-12.173913043478262
1761999021.5377703,-7.860869565217391,0.20869565217391303,-10.921739130434782
1761999021.5521762,-26.295652173913044,-1.8782608695652174,-3.8260869565217392
1761999021.5653968,-53.70434782608696,-9.669565217391304,0.5565217391304348
1761999021.5792694,-81.25217391304348,-12.869565217391305,6.817391304347826
1761999021.5929315,-100.93913043478261,-15.304347826086957,8.556521739130435
1761999021.6066694,-109.35652173913043,-16.139130434782608,9.878260869565217
1761999021.6198819,-123.06086956521739,-17.94782608695652,11.826086956521738
1761999021.6333804,-133.1478260869565,-19.47826086956522,14.678260869565218
1761999021.6465876,-138.43478260869566,-19.756521739130434,17.252173913043478
1761999021.6599205,-145.6695652173913,-22.191304347826087,20.660869565217393
1761999021.6731758,-155.54782608695652,-24.278260869565216,21.91304347826087
1761999021.6866193,-161.4608695652174,-22.956521739130434,23.095652173913045
1761999021.6999028,-171.26956521739132,-23.16521739130435,23.860869565217392
1761999021.7131338,-176.83478260869566,-21.982608695652175,21.77391304347826
1761999021.7264705,-177.87826086956522,-20.591304347826085,20.034782608695654
1761999021.739993,-179.1304347826087,-16.208695652173912,15.304347826086957
1761999021.753349,-179.47826086956522,-14.956521739130435,8.765217391304347
1761999021.766679,-179.82608695652175,-14.608695652173912,5.28695652173913
1761999021.780498,-181.1478260869565,-13.28695652173913,0.34782608695652173
1761999021.7937667,-185.3217391304348,-8.278260869565218,-3.2695652173913046
1761999021.807221,-188.03478260869565,-2.782608695652174,-2.991304347826087
1761999021.8207326,-191.16521739130434,-2.991304347826087,-2.9217391304347826
1761999021.8345854,-189.35652173913044,-2.226086956521739,-0.9043478260869565
1761999021.8478615,-186.08695652173913,-3.0608695652173914,-1.3217391304347825
1761999021.8612618,-177.94782608695652,-7.095652173913043,-1.7391304347826086
1761999021.8746789,-168.55652173913043,-10.156521739130435,-1.5304347826086957
1761999021.887949,-163.61739130434782,-9.947826086956521,-1.182608695652174
1761999021.9015048,-154.36521739130436,-8.695652173913043,-0.6260869565217392
1761999021.9154747,-146.7826086956522,-3.617391304347826,-0.2782608695652174
1761999021.9287941,-141.63478260869564,-0.34782608695652173,-2.782608695652174
1761999021.9425666,-131.75652173913045,1.7391304347826086,-3.756521739130435
1761999021.9559612,-121.3913043478261,-2.782608695652174,-6.956521739130435
1761999021.969165,-115.75652173913043,-4.521739130434782,-10.295652173913043
1761999021.9825027,-111.02608695652174,-4.3130434782608695,-10.504347826086956
1761999021.996073,-112.48695652173913,4.3826086956521735,-7.373913043478261
1761999022.0092845,-113.11304347826086,8.347826086956522,-2.017391304347826
1761999022.0226526,-108.45217391304348,16.62608695652174,0.06956521739130435
1761999022.036174,-103.44347826086957,21.77391304347826,4.034782608695652
1761999022.0493507,-100.03478260869565,22.53913043478261,5.147826086956521
1761999022.0632324,-93.07826086956521,25.94782608695652,6.469565217391304
1761999022.0769012,-90.01739130434783,27.408695652173915,7.373913043478261
1761999022.090147,-88.55652173913043,29.982608695652175,7.930434782608696
1761999022.1036856,-85.63478260869566,28.730434782608697,7.6521739130434785
1761999022.1172397,-84.7304347826087,25.391304347826086,8.695652173913043
1761999022.1307766,-84.93913043478261,16.278260869565216,10.57391304347826
1761999022.1446428,-86.4,12.173913043478262,11.68695652173913
1761999022.1581883,-90.57391304347826,7.304347826086956,13.42608695652174
1761999022.1717246,-98.92173913043479,5.008695652173913,14.678260869565218
1761999022.1852372,-103.30434782608695,4.104347826086957,14.88695652173913
1761999022.1987886,-104.27826086956522,-1.182608695652174,11.965217391304348
1761999022.2124264,-100.10434782608695,-4.8,11.408695652173913
1761999022.2259805,-98.01739130434783,-7.165217391304348,10.782608695652174
1761999022.239522,-86.95652173913044,-10.017391304347827,9.460869565217392
1761999022.2535338,-72.27826086956522,-13.634782608695652,6.817391304347826
1761999022.2671025,-64.90434782608696,-16.556521739130435,5.843478260869565
1761999022.2808516,-52.52173913043478,-16.62608695652174,5.426086956521739
1761999022.2944558,-42.643478260869564,-17.252173913043478,5.217391304347826
1761999022.3080146,-38.74782608695652,-17.530434782608694,4.591304347826087
1761999022.3216045,-27.06086956521739,-17.669565217391305,3.617391304347826
1761999022.3351996,-13.28695652173913,-17.182608695652174,2.017391304347826
1761999022.3488264,4.8,-15.443478260869565,2.1565217391304348
1761999022.362411,16.069565217391304,-14.469565217391304,2.365217391304348
1761999022.3766246,43.06086956521739,-11.826086956521738,0.7652173913043478
1761999022.390274,73.4608695652174,-6.191304347826087,-4.243478260869566
1761999022.403934,89.04347826086956,1.391304347826087,-8.417391304347825
1761999022.4176,121.5304347826087,4.8,-9.878260869565217
1761999022.4317589,158.95652173913044,10.226086956521739,-14.469565217391304
1761999022.4457455,195.47826086956522,16.695652173913043,-17.808695652173913
1761999022.4593883,211.61739130434782,18.991304347826087,-18.643478260869564
1761999022.4732869,234.57391304347826,22.88695652173913,-17.669565217391305
1761999022.487227,245.0782608695652,24.765217391304347,-15.652173913043478
1761999022.5013328,248.69565217391303,25.182608695652174,-14.608695652173912
1761999022.515542,248.27826086956523,27.269565217391303,-12.730434782608695
1761999022.5293195,253.0782608695652,25.182608695652174,-12.104347826086956
1761999022.5430768,258.8521739130435,26.017391304347825,-9.530434782608696
1761999022.5568335,262.0521739130435,29.42608695652174,-9.6
1761999022.5707705,268.38260869565215,31.234782608695653,-10.852173913043478
1761999022.5842524,271.30434782608694,31.37391304347826,-14.678260869565218
1761999022.597449,270.88695652173914,31.652173913043477,-16.48695652173913
1761999022.610631,265.25217391304346,32.48695652173913,-15.304347826086957
1761999022.6238139,252.38260869565218,32.34782608695652,-10.295652173913043
1761999022.6372662,239.16521739130434,30.53913043478261,-7.373913043478261
1761999022.6506844,219.75652173913045,29.77391304347826,-8.069565217391304
1761999022.6644366,194.8521739130435,23.652173913043477,-11.339130434782609
1761999022.677865,183.23478260869564,17.6,-13.704347826086957
1761999022.691396,165.42608695652174,16.0,-13.982608695652173
1761999022.7049794,154.15652173913043,11.2,-11.269565217391305
1761999022.7183194,150.6782608695652,5.7043478260869565,-5.426086956521739
1761999022.7315125,140.8695652173913,4.521739130434782,-2.226086956521739
1761999022.7448943,127.30434782608695,6.052173913043478,4.3130434782608695
1761999022.7584796,123.06086956521739,7.095652173913043,7.095652173913043
1761999022.7721717,118.12173913043478,6.539130434782609,8.97391304347826
1761999022.7859802,118.95652173913044,5.982608695652174,12.452173913043477
1761999022.7992034,121.32173913043478,3.5478260869565217,15.234782608695653
1761999022.812386,120.90434782608696,2.226086956521739,16.208695652173912
1761999022.825769,114.01739130434783,-0.06956521739130435,18.921739130434784
1761999022.838968,95.09565217391304,0.48695652173913045,19.547826086956523
1761999022.8521583,84.17391304347827,3.617391304347826,19.339130434782607
1761999022.8660715,62.95652173913044,2.991304347826087,16.62608695652174
1761999022.8801787,39.095652173913045,-0.1391304347826087,14.747826086956522
1761999022.8937857,25.530434782608694,-1.3217391304347825,11.895652173913044
1761999022.9077303,-3.965217391304348,-5.008695652173913,11.269565217391305
1761999022.921842,-36.52173913043478,-6.121739130434783,9.321739130434782
1761999022.9350922,-52.17391304347826,-7.026086956521739,5.078260869565217
1761999022.9484446,-81.4608695652174,-6.747826086956522,2.0869565217391304
1761999022.9617038,-106.01739130434783,-6.260869565217392,-4.034782608695652
1761999022.9748905,-115.1304347826087,-6.4,-6.608695652173913
1761999022.9887035,-120.55652173913043,-7.51304347826087,-5.565217391304348
1761999023.0020244,-123.1304347826087,-13.28695652173913,1.808695652173913
1761999023.0155272,-123.82608695652173,-14.747826086956522,7.165217391304348
1761999023.0291524,-128.34782608695653,-14.469565217391304,8.626086956521739
1761999023.0424986,-134.88695652173914,-15.02608695652174,10.156521739130435
1761999023.0556965,-135.30434782608697,-16.139130434782608,9.460869565217392
1761999023.0692754,-135.30434782608697,-17.252173913043478,9.391304347826088
1761999023.0825675,-136.34782608695653,-18.643478260869564,9.878260869565217
1761999023.0958443,-137.11304347826086,-19.47826086956522,11.68695652173913
1761999023.1091113,-138.57391304347826,-19.408695652173915,12.8
1761999023.1223648,-140.66086956521738,-15.443478260869565,12.660869565217391
1761999023.1369667,-141.0782608695652,-9.321739130434782,10.365217391304348
1761999023.1502144,-140.38260869565218,-4.104347826086957,8.556521739130435
1761999023.1634972,-139.0608695652174,1.6,4.104347826086957
1761999023.176829,-139.82608695652175,-0.7652173913043478,3.756521739130435
1761999023.1900868,-138.9913043478261,-4.452173913043478,3.8956521739130436
1761999023.2033308,-139.0608695652174,-8.97391304347826,5.7043478260869565
1761999023.2166264,-140.45217391304348,-4.3130434782608695,7.930434782608696
1761999023.2298694,-143.72173913043477,1.391304347826087,7.791304347826087
1761999023.2431095,-148.17391304347825,10.504347826086956,4.869565217391305
1761999023.25635,-148.9391304347826,11.339130434782609,2.5043478260869567
1761999023.2695863,-148.03478260869565,7.026086956521739,0.6260869565217392
1761999023.2828321,-141.84347826086957,-1.391304347826087,-0.48695652173913045
1761999023.2961855,-138.7826086956522,-5.28695652173913,1.6
1761999023.3094563,-134.88695652173914,-5.495652173913044,3.0608695652173914
1761999023.3227153,-129.11304347826086,-0.9043478260869565,4.939130434782609
1761999023.3359656,-125.21739130434783,0.1391304347826087,5.426086956521739
1761999023.3492494,-115.2695652173913,-2.8521739130434782,4.8
1761999023.362489,-100.59130434782608,-8.765217391304347,2.991304347826087
1761999023.3758414,-93.14782608695653,-11.130434782608695,3.130434782608696
1761999023.389115,-75.3391304347826,-20.452173913043477,2.643478260869565
1761999023.4024346,-55.721739130434784,-24.765217391304347,3.4782608695652173
1761999023.4156902,-45.28695652173913,-24.208695652173912,3.130434782608696
1761999023.4289584,-24.278260869565216,-18.57391304347826,0.5565217391304348
1761999023.4422076,-3.2695652173913046,-10.226086956521739,-3.2
1761999023.455448,6.260869565217392,-6.956521739130435,-4.591304347826087
1761999023.4687414,23.234782608695653,-2.1565217391304348,-6.191304347826087
1761999023.4819915,30.330434782608695,1.6695652173913043,-7.234782608695652
1761999023.495235,42.573913043478264,4.3130434782608695,-7.582608695652174
1761999023.5085032,50.643478260869564,10.017391304347827,-7.373913043478261
1761999023.5221038,53.07826086956522,16.069565217391304,-7.095652173913043
1761999023.535736,57.25217391304348,19.339130434782607,-7.443478260869565
1761999023.5493484,58.71304347826087,24.765217391304347,-9.252173913043478
1761999023.563592,57.947826086956525,26.782608695652176,-10.921739130434782
1761999023.5770874,56.76521739130435,25.808695652173913,-10.57391304347826
1761999023.5902956,53.84347826086957,20.93913043478261,-10.365217391304348
1761999023.6041007,50.43478260869565,15.930434782608696,-7.721739130434782
1761999023.6183183,47.582608695652176,10.991304347826087,-3.3391304347826085
1761999023.631747,42.643478260869564,9.252173913043478,-2.0869565217391304
1761999023.6449733,41.11304347826087,7.165217391304348,-0.9739130434782609
1761999023.65825,40.55652173913043,5.773913043478261,-1.4608695652173913
1761999023.6714885,40.278260869565216,1.4608695652173913,-2.017391304347826
1761999023.6848092,38.74782608695652,-2.643478260869565,-1.5304347826086957
1761999023.6985404,35.89565217391304,-4.034782608695652,0.06956521739130435
1761999023.7117527,25.321739130434782,-5.982608695652174,-0.06956521739130435
1761999023.724955,8.208695652173914,-2.7130434782608694,-1.6695652173913043
1761999023.7391782,-0.34782608695652173,-0.9043478260869565,-2.0869565217391304
1761999023.7528732,-18.57391304347826,0.06956521739130435,0.2782608695652174
1761999023.7664847,-30.817391304347826,1.1130434782608696,3.756521739130435
1761999023.78004,-32.904347826086955,-0.1391304347826087,8.417391304347825
1761999023.793767,-32.34782608695652,-2.2956521739130435,10.921739130434782
1761999023.8077805,-26.156521739130437,-5.495652173913044,15.165217391304347
1761999023.8219688,-13.565217391304348,-1.8782608695652174,15.930434782608696
1761999023.8353975,-6.747826086956522,3.756521739130435,13.28695652173913
1761999023.848688,10.782608695652174,6.539130434782609,11.756521739130434
1761999023.8619645,30.469565217391306,7.582608695652174,9.947826086956521
1761999023.8752344,39.582608695652176,5.565217391304348,10.017391304347827
1761999023.8884642,55.721739130434784,0.2782608695652174,9.73913043478261
1761999023.9017541,66.29565217391304,-4.869565217391305,8.97391304347826
1761999023.916945,69.21739130434783,-5.356521739130435,7.930434782608696
1761999023.9307892,71.16521739130435,-3.4782608695652173,9.669565217391304
1761999023.9443824,66.85217391304347,0.34782608695652173,13.008695652173913
1761999023.9582522,62.53913043478261,9.11304347826087,14.26086956521739
1761999023.9721882,58.43478260869565,12.452173913043477,13.147826086956522
1761999023.9858341,52.869565217391305,16.695652173913043,13.28695652173913
1761999023.9995146,42.92173913043478,11.408695652173913,14.191304347826087
1761999024.0132864,33.6,8.695652173913043,9.669565217391304
1761999024.026919,29.704347826086956,10.295652173913043,6.608695652173913
1761999024.0406418,13.356521739130434,20.452173913043477,3.0608695652173914
1761999024.054288,0.48695652173913045,34.017391304347825,-1.2521739130434784
1761999024.068072,-0.41739130434782606,42.43478260869565,-7.860869565217391
1761999024.0817287,5.6347826086956525,52.10434782608696,-10.504347826086956
1761999024.0953672,12.243478260869566,51.2695652173913,-8.139130434782608
1761999024.109081,14.191304347826087,46.26086956521739,0.1391304347826087
1761999024.122748,16.973913043478262,43.61739130434783,4.452173913043478
1761999024.1364577,16.765217391304347,38.3304347826087,10.295652173913043
1761999024.1501164,24.069565217391304,17.182608695652174,11.756521739130434
1761999024.1652036,29.77391304347826,-6.956521739130435,17.252173913043478
1761999024.1788511,37.426086956521736,-21.63478260869565,19.2
1761999024.1924953,39.095652173913045,-41.321739130434786,20.17391304347826
1761999024.2061245,32.55652173913043,-40.834782608695654,20.730434782608697
1761999024.219759,14.88695652173913,-40.417391304347824,20.382608695652173
1761999024.2334077,3.0608695652173914,-30.956521739130434,18.713043478260868
1761999024.246631,2.7130434782608694,-13.704347826086957,17.46086956521739
1761999024.2598248,4.730434782608696,-8.695652173913043,18.017391304347825
1761999024.2730663,9.73913043478261,-9.321739130434782,21.078260869565216
1761999024.2862785,12.939130434782609,-9.669565217391304,24.069565217391304
1761999024.2997181,23.51304347826087,-7.165217391304348,25.73913043478261
1761999024.3129497,32.06956521739131,-4.104347826086957,28.382608695652173
1761999024.3261607,33.11304347826087,1.182608695652174,30.330434782608695
1761999024.3393602,25.878260869565217,5.7043478260869565,31.791304347826088
1761999024.352627,5.356521739130435,10.365217391304348,34.71304347826087
1761999024.365837,-3.8260869565217392,10.57391304347826,37.63478260869565
1761999024.3790474,-18.713043478260868,8.556521739130435,39.791304347826085
1761999024.3922567,-20.452173913043477,5.6347826086956525,44.243478260869566
1761999024.40571,-15.860869565217392,5.217391304347826,43.89565217391304
1761999024.418957,-0.5565217391304348,7.373913043478261,42.29565217391304
1761999024.4324465,-17.46086956521739,-0.9739130434782609,45.07826086956522
1761999024.4461162,-34.85217391304348,-11.895652173913044,48.76521739130435
1761999024.4597077,-34.99130434782609,10.226086956521739,41.321739130434786
1761999024.4732246,-46.678260869565214,14.4,38.81739130434783
1761999024.4865444,-49.18260869565217,13.078260869565218,38.608695652173914
1761999024.4997513,-57.6695652173913,19.965217391304346,40.55652173913043
1761999024.5129788,-50.15652173913043,19.339130434782607,45.56521739130435
1761999024.5264173,-45.07826086956522,11.478260869565217,47.51304347826087
1761999024.5397835,-31.443478260869565,-0.34782608695652173,46.469565217391306
1761999024.553076,-26.36521739130435,-7.930434782608696,47.02608695652174
1761999024.5662975,-26.991304347826087,-10.57391304347826,48.13913043478261
1761999024.5796204,-18.991304347826087,-8.556521739130435,50.29565217391304
1761999024.592994,-12.730434782608695,-9.530434782608696,56.834782608695654
1761999024.6062286,-16.62608695652174,-13.42608695652174,56.278260869565216
1761999024.6194644,-37.28695652173913,-28.034782608695654,54.469565217391306
1761999024.6327307,-34.22608695652174,-22.817391304347826,43.06086956521739
1761999024.6459656,-33.11304347826087,-23.930434782608696,35.61739130434783
1761999024.6592104,-25.73913043478261,-32.904347826086955,27.965217391304346
1761999024.6727154,-29.495652173913044,-27.339130434782607,20.31304347826087
1761999024.685963,-31.443478260869565,0.8347826086956521,17.6
1761999024.6991718,-2.226086956521739,-11.617391304347827,8.834782608695653
1761999024.7128356,-2.5739130434782607,-0.34782608695652173,13.843478260869565
1761999024.7260735,-9.252173913043478,8.556521739130435,18.643478260869564
1761999024.739283,-16.48695652173913,10.643478260869566,21.91304347826087
1761999024.752497,-20.869565217391305,18.017391304347825,22.26086956521739
1761999024.7657104,-0.48695652173913045,2.365217391304348,17.94782608695652
1761999024.779456,1.6,-1.9478260869565218,10.434782608695652
1761999024.7927322,-5.28695652173913,6.747826086956522,3.5478260869565217
1761999024.80598,-7.6521739130434785,2.643478260869565,2.0869565217391304
1761999024.8191974,-3.6869565217391305,-0.9739130434782609,-0.8347826086956521
1761999024.8331096,-4.452173913043478,1.0434782608695652,-2.7130434782608694
1761999024.8483179,-3.756521739130435,1.8782608695652174,-1.5304347826086957
1761999024.8617547,-3.0608695652173914,0.48695652173913045,-0.6260869565217392
1761999024.8749943,-4.173913043478261,2.4347826086956523,-1.3217391304347825
1761999024.8882697,-2.9217391304347826,1.2521739130434784,0.6260869565217392
1761999024.9014916,-4.034782608695652,-0.1391304347826087,0.5565217391304348
1761999024.9147618,-2.782608695652174,1.4608695652173913,-0.41739130434782606
1761999024.9279497,-2.4347826086956523,0.2782608695652174,-0.7652173913043478
1761999024.9416478,-3.130434782608696,1.2521739130434784,-0.41739130434782606
1761999024.9551284,-3.3391304347826085,0.9043478260869565,-0.5565217391304348
1761999024.9688454,-3.756521739130435,0.6956521739130435,-0.5565217391304348
1761999024.982356,-3.3391304347826085,0.7652173913043478,-0.41739130434782606
1761999024.9959877,-3.4782608695652173,1.0434782608695652,-0.5565217391304348
1761999025.0095353,-3.408695652173913,0.9043478260869565,-0.7652173913043478
1761999025.0229506,-3.408695652173913,1.2521739130434784,-0.5565217391304348
1761999025.0364952,-3.2,0.5565217391304348,-0.34782608695652173
1761999025.0497522,-3.408695652173913,0.6260869565217392,-0.5565217391304348
1761999025.0630193,-3.3391304347826085,1.0434782608695652,-0.6260869565217392
1761999025.0762746,-3.4782608695652173,0.6956521739130435,-0.5565217391304348
1761999025.0895312,-3.2695652173913046,0.7652173913043478,-0.41739130434782606
1761999025.1027865,-3.4782608695652173,0.9043478260869565,-0.5565217391304348
1761999025.1160376,-3.3391304347826085,0.6956521739130435,-0.48695652173913045
1761999025.1292853,-3.408695652173913,1.1130434782608696,-0.48695652173913045
1761999025.1428611,-3.408695652173913,0.8347826086956521,-0.6260869565217392
1761999025.1561742,-3.408695652173913,0.8347826086956521,-0.6260869565217392
1761999025.1695442,-3.3391304347826085,0.8347826086956521,-0.5565217391304348
1761999025.1828473,-3.408695652173913,0.8347826086956521,-0.6260869565217392
1761999025.196141,-3.408695652173913,0.9739130434782609,-0.48695652173913045
1761999025.209406,-3.3391304347826085,0.9043478260869565,-0.48695652173913045
1761999025.222668,-3.3391304347826085,0.7652173913043478,-0.5565217391304348
1761999025.236169,-3.408695652173913,0.8347826086956521,-0.6260869565217392
1761999025.2494113,-3.3391304347826085,0.9043478260869565,-0.6260869565217392
1761999025.262668,-3.2695652173913046,0.9739130434782609,-0.5565217391304348
1761999025.275938,-3.3391304347826085,0.9739130434782609,-0.6260869565217392
1761999025.2892008,-3.408695652173913,0.9043478260869565,-0.5565217391304348
1761999025.3029113,-3.3391304347826085,0.7652173913043478,-0.5565217391304348
1761999025.3166926,-3.408695652173913,0.9043478260869565,-0.41739130434782606
1761999025.3304627,-3.3391304347826085,0.7652173913043478,-0.48695652173913045
1761999025.3441732,-3.3391304347826085,0.9043478260869565,-0.5565217391304348
1761999025.3579772,-3.4782608695652173,0.8347826086956521,-0.48695652173913045
1761999025.3716936,-3.3391304347826085,0.9043478260869565,-0.5565217391304348
1761999025.38537,-3.3391304347826085,0.9739130434782609,-0.5565217391304348
1761999025.3990388,-3.4782608695652173,0.9739130434782609,-0.5565217391304348
1761999025.412755,-3.408695652173913,0.9043478260869565,-0.5565217391304348
1761999025.4269094,-3.3391304347826085,0.8347826086956521,-0.48695652173913045
1761999025.4400907,-3.3391304347826085,0.9043478260869565,-0.48695652173913045
1761999025.4533498,-3.2695652173913046,0.9043478260869565,-0.34782608695652173
1761999025.4668672,-3.2695652173913046,0.9739130434782609,-0.41739130434782606
1761999025.4807801,-3.3391304347826085,0.9043478260869565,-0.5565217391304348
1761999025.4945686,-3.4782608695652173,0.8347826086956521,-0.5565217391304348
1761999025.5077846,-3.3391304347826085,0.8347826086956521,-0.5565217391304348
1761999025.5209842,-3.4782608695652173,0.9739130434782609,-0.5565217391304348
1761999025.5341778,-3.408695652173913,0.8347826086956521,-0.5565217391304348
1761999025.547383,-3.3391304347826085,0.9043478260869565,-0.48695652173913045
1761999025.5606573,-3.4782608695652173,0.9043478260869565,-0.48695652173913045
1761999025.5742548,-3.4782608695652173,0.8347826086956521,-0.5565217391304348
1761999025.5878205,-3.2695652173913046,0.8347826086956521,-0.5565217391304348
1761999025.6013627,-3.3391304347826085,0.9739130434782609,-0.48695652173913045
1761999025.6148767,-3.3391304347826085,0.7652173913043478,-0.5565217391304348
1761999025.6284058,-3.408695652173913,0.8347826086956521,-0.5565217391304348
1761999025.641973,-3.3391304347826085,0.8347826086956521,-0.48695652173913045
1761999025.6555307,-3.2695652173913046,0.9043478260869565,-0.5565217391304348
1761999025.6691165,-3.3391304347826085,0.9043478260869565,-0.48695652173913045
1761999025.6827006,-3.4782608695652173,0.7652173913043478,-0.41739130434782606
1761999025.6962786,-3.3391304347826085,0.7652173913043478,-0.5565217391304348
1761999025.7100663,-3.408695652173913,0.9043478260869565,-0.48695652173913045
1761999025.723714,-3.3391304347826085,0.8347826086956521,-0.5565217391304348
1761999025.7377965,-3.4782608695652173,0.9739130434782609,-0.5565217391304348
1761999025.7514296,-3.408695652173913,0.9043478260869565,-0.48695652173913045
1761999025.7651548,-3.3391304347826085,0.8347826086956521,-0.6260869565217392
1761999025.7788513,-3.3391304347826085,0.8347826086956521,-0.6260869565217392
1761999025.792541,-3.3391304347826085,0.9043478260869565,-0.5565217391304348
1761999025.8061774,-2.991304347826087,3.6869565217391305,-1.1130434782608696
1761999025.820218,-7.304347826086956,0.48695652173913045,0.41739130434782606
1761999025.8334215,-2.365217391304348,4.591304347826087,0.20869565217391303
1761999025.8469515,1.0434782608695652,-2.1565217391304348,-3.6869565217391305
1761999025.8602552,-1.5304347826086957,11.060869565217391,-2.1565217391304348
1761999025.8735702,-0.5565217391304348,-3.5478260869565217,3.0608695652173914
1761999025.8867645,-2.7130434782608694,1.9478260869565218,-3.756521739130435
1761999025.901407,-4.660869565217391,3.130434782608696,-2.365217391304348
1761999025.9146025,-2.0869565217391304,-1.4608695652173913,1.9478260869565218
1761999025.9281123,-3.408695652173913,2.5043478260869567,-1.808695652173913
1761999025.9413419,-2.643478260869565,-0.5565217391304348,-1.1130434782608696
1761999025.9545684,-4.3826086956521735,1.808695652173913,-0.06956521739130435
1761999025.968257,-4.034782608695652,0.41739130434782606,-0.7652173913043478
1761999025.9834013,-2.5043478260869567,-1.2521739130434784,-0.41739130434782606
1761999025.99669,-4.034782608695652,1.6,-0.6260869565217392
1761999026.0108826,-3.2,1.3217391304347825,-0.9739130434782609
1761999026.0242615,-3.408695652173913,1.1130434782608696,-0.7652173913043478
1761999026.0376928,-3.408695652173913,0.06956521739130435,-0.2782608695652174
1761999026.0509377,-3.3391304347826085,1.1130434782608696,-0.41739130434782606
1761999026.0642111,-3.3391304347826085,0.41739130434782606,-0.48695652173913045
1761999026.0775218,-3.3391304347826085,1.3217391304347825,-0.5565217391304348
1761999026.090821,-3.2,1.2521739130434784,-0.48695652173913045
1761999026.104171,-3.2,0.20869565217391303,-0.5565217391304348
1761999026.1174443,-3.617391304347826,0.7652173913043478,-0.9043478260869565
1761999026.1307209,-3.3391304347826085,0.9043478260869565,-0.2782608695652174
1761999026.1439874,-3.0608695652173914,1.391304347826087,-1.0434782608695652
1761999026.1572788,-3.4782608695652173,1.0434782608695652,-0.8347826086956521
1761999026.1705434,-3.4782608695652173,0.48695652173913045,-0.1391304347826087
1761999026.1837966,-3.408695652173913,0.6956521739130435,-0.6260869565217392
1761999026.197049,-3.3391304347826085,0.6260869565217392,-0.6956521739130435
1761999026.2102695,-3.3391304347826085,1.4608695652173913,-0.5565217391304348
1761999026.223503,-3.4782608695652173,1.182608695652174,-0.5565217391304348
1761999026.2368376,-3.4782608695652173,0.48695652173913045,-0.48695652173913045
1761999026.2500684,-3.408695652173913,0.6956521739130435,-0.2782608695652174
1761999026.263315,-3.3391304347826085,0.7652173913043478,-0.2782608695652174
1761999026.2766647,-3.3391304347826085,1.3217391304347825,-0.7652173913043478
1761999026.2899597,-3.5478260869565217,0.7652173913043478,-0.5565217391304348
1761999026.303241,-3.4782608695652173,0.48695652173913045,-0.48695652173913045
1761999026.316513,-3.4782608695652173,0.5565217391304348,-0.6260869565217392
1761999026.329822,-3.408695652173913,1.0434782608695652,-0.6956521739130435
1761999026.3430989,-3.5478260869565217,0.7652173913043478,-0.48695652173913045
1761999026.3563612,-3.3391304347826085,0.9739130434782609,-0.48695652173913045
1761999026.369632,-3.5478260869565217,0.5565217391304348,-0.5565217391304348
1761999026.382941,-3.2,0.6260869565217392,-0.2782608695652174
1761999026.3966694,-3.2,1.182608695652174,-0.5565217391304348
1761999026.4099815,-3.5478260869565217,0.6260869565217392,-0.7652173913043478
1761999026.4232388,-3.3391304347826085,0.8347826086956521,-0.5565217391304348
1761999026.436535,-3.5478260869565217,0.9043478260869565,-0.7652173913043478
1761999026.4498231,-3.3391304347826085,0.6260869565217392,-0.41739130434782606
1761999026.4631436,-3.3391304347826085,1.391304347826087,-0.41739130434782606
1761999026.4764693,-3.5478260869565217,0.9043478260869565,-0.41739130434782606
1761999026.4897504,-3.130434782608696,0.8347826086956521,-0.41739130434782606
1761999026.5030184,-3.617391304347826,0.6956521739130435,-0.41739130434782606
1761999026.5163324,-3.2695652173913046,0.6956521739130435,-0.41739130434782606
1761999026.5300746,-3.2,1.182608695652174,-0.5565217391304348
1761999026.5437794,-3.3391304347826085,0.9739130434782609,-0.6260869565217392
1761999026.557605,-3.408695652173913,0.9043478260869565,-0.6260869565217392
1761999026.5712388,-3.408695652173913,0.6956521739130435,-0.7652173913043478
1761999026.5849538,-3.2695652173913046,0.6956521739130435,-0.6260869565217392
1761999026.5986214,-3.3391304347826085,1.3217391304347825,-0.6956521739130435
1761999026.6123285,-3.408695652173913,0.7652173913043478,-0.5565217391304348
1761999026.6260345,-3.4782608695652173,0.9043478260869565,-0.41739130434782606
1761999026.6397283,-3.4782608695652173,0.6956521739130435,-0.2782608695652174
1761999026.653376,-3.408695652173913,0.8347826086956521,-0.41739130434782606
1761999026.6670592,-3.408695652173913,0.9043478260869565,-0.5565217391304348
1761999026.6807747,-3.408695652173913,0.9739130434782609,-0.5565217391304348
1761999026.6945016,-3.3391304347826085,0.9043478260869565,-0.6260869565217392
1761999026.7081897,-3.2,0.8347826086956521,-0.48695652173913045
1761999026.721874,-3.408695652173913,0.9739130434782609,-0.5565217391304348
1761999026.7356453,-3.2695652173913046,0.9739130434782609,-0.48695652173913045
1761999026.749414,-3.617391304347826,0.6956521739130435,-0.34782608695652173
1761999026.7634296,-2.4347826086956523,0.9739130434782609,-0.20869565217391303
